Date ,OPEN ,HIGH ,LOW ,PREV. CLOSE ,ltp ,close ,vwap ,52W H ,52W L ,VOLUME ,VALUE ,No of trades 
23-Jul-21,116,138.9,115,76,125.3,126,124.12,138.9,115,"69,48,95,290","86,25,27,47,421.30","24,28,917"
26-Jul-21,126.35,143.75,125.3,126,138.05,140.65,134.63,143.75,115,"24,97,23,854","33,62,03,24,359.75","10,34,160"
27-Jul-21,141.7,147.8,127.75,140.65,130.65,132.9,141.09,147.8,115,"24,03,41,900","33,90,96,84,267.35","10,75,475"
28-Jul-21,131,135,123.55,132.9,133,131.2,127.9,147.8,115,"15,97,93,731","20,43,70,12,592.05","6,27,048"
29-Jul-21,134.95,144,132.2,131.2,142.25,141.55,137.73,147.8,115,"11,79,73,089","16,24,87,96,568.35","4,89,222"
30-Jul-21,142.6,142.7,131,141.55,134.45,133.5,136.46,147.8,115,"8,83,12,522","12,05,14,93,787.80","3,48,520"
02-Aug-21,135.75,140.75,135.15,133.5,138.45,139.7,138.14,147.8,115,"6,69,09,732","9,24,26,37,574.35","2,95,910"
03-Aug-21,137,140.8,137,139.7,138.5,139.4,139.04,147.8,115,"4,66,10,001","6,48,05,74,826.25","1,89,764"
04-Aug-21,139.8,141,135.25,139.4,137.1,138.4,138.08,147.8,115,"4,11,34,419","5,68,00,17,058.80","1,75,364"
05-Aug-21,138.75,138.9,132,138.4,135.3,134.95,134.49,147.8,115,"3,84,37,134","5,16,95,56,725.35","1,78,897"
06-Aug-21,135.5,136.2,130.1,134.95,131.75,131.35,132.41,147.8,115,"3,19,75,356","4,23,37,43,397.95","1,46,049"
09-Aug-21,132.4,133.55,127.25,131.35,130.7,130.6,130.01,147.8,115,"4,13,58,299","5,37,68,08,522.40","2,02,310"
10-Aug-21,131,131.45,122.1,130.6,125,125.2,126.82,147.8,115,"4,31,64,004","5,47,39,95,627.60","2,23,169"
11-Aug-21,123,138.75,123,125.2,136.9,135.65,131.58,147.8,115,"11,17,02,781","14,69,77,64,219.90","3,87,786"
12-Aug-21,135.65,137.4,132.05,135.65,134.25,135.45,134.71,147.8,115,"5,12,56,670","6,90,49,60,638.95","1,77,700"
13-Aug-21,133.85,139.75,132.1,135.45,138.25,137.35,135.44,147.8,115,"3,36,74,300","4,56,09,27,903.50","1,33,386"
16-Aug-21,136.4,136.9,132.25,137.35,132.8,134.95,135.26,147.8,115,"2,03,05,361","2,74,64,21,817.30","1,15,022"
17-Aug-21,132.8,134.35,130.6,134.95,132.3,132.5,133.16,147.8,115,"1,58,15,187","2,10,59,23,272.00","68,974"
18-Aug-21,134.5,136.8,133.3,132.5,134.5,134.95,135.32,147.8,115,"2,25,66,920","3,05,36,69,303.25","1,06,963"
20-Aug-21,134.95,141.45,133,134.95,137.45,139.3,138.54,147.8,115,"5,37,89,580","7,45,18,23,346.85","2,30,402"
23-Aug-21,137.8,137.8,124.75,139.3,128.15,127.25,129.97,147.8,115,"6,84,70,861","8,89,92,91,551.25","3,20,725"
24-Aug-21,127.25,127.95,120.5,127.25,124.65,125,123.88,147.8,115,"5,67,13,556","7,02,56,17,193.90","2,75,805"
25-Aug-21,126,128.5,123.1,125,123.5,124.25,126.29,147.8,115,"5,10,78,811","6,45,07,41,288.80","2,05,459"
26-Aug-21,125.25,127.15,124.35,124.25,125.4,125.85,126,147.8,115,"2,06,45,403","2,60,12,97,546.65","1,04,822"
27-Aug-21,126.6,129.5,124.1,125.85,124.95,124.7,126.49,147.8,115,"2,22,27,595","2,81,15,59,981.10","95,008"
30-Aug-21,127.85,135.45,127.55,124.7,133,133.55,131.26,147.8,115,"4,52,39,080","5,93,80,07,438.30","1,77,439"
31-Aug-21,134,135.2,131.35,133.55,134,134.55,133.99,147.8,115,"2,46,40,924","3,30,16,26,664.75","1,19,630"
01-Sep-21,134.55,135.1,130.7,134.55,132.25,132.6,132.83,147.8,115,"1,61,62,269","2,14,68,23,422.95","86,621"
02-Sep-21,132,138.5,131.5,132.6,136.25,137.6,136.52,147.8,115,"2,78,82,466","3,80,64,97,287.30","1,46,911"
03-Sep-21,135.95,151.4,135.6,137.6,149,149.75,146.54,151.4,115,"11,33,81,518","16,61,47,44,350.75","4,87,984"
06-Sep-21,149.25,149.35,143.25,149.75,144.3,144.05,145.58,151.4,115,"3,48,11,620","5,06,77,87,766.70","2,11,668"
07-Sep-21,144.9,146.85,138.55,144.05,139.75,140.05,142.2,151.4,115,"3,04,21,931","4,32,59,86,118.45","1,65,594"
08-Sep-21,141,143.6,139.05,140.05,141.4,141.25,141.78,151.4,115,"2,81,33,284","3,98,86,90,786.05","1,53,564"
09-Sep-21,141.4,142.9,140,141.25,141.55,141.6,141.54,151.4,115,"1,89,70,691","2,68,50,98,887.50","98,680"
13-Sep-21,143.25,144.25,142,141.6,142.9,143.15,142.79,151.4,115,"1,74,26,798","2,48,83,83,993.10","1,31,265"
14-Sep-21,145.15,152.75,136.2,143.15,143,144.1,145.31,152.75,115,"11,23,58,935","16,32,73,85,108.00","4,60,120"
15-Sep-21,142.95,145,140.75,144.1,143,142.65,142.87,152.75,115,"3,88,92,545","5,55,67,04,368.65","1,56,718"
16-Sep-21,143,144,141.5,142.65,142.2,142.05,142.79,152.75,115,"1,76,34,206","2,51,79,40,423.90","1,27,218"
17-Sep-21,142.55,146.9,137.15,142.05,138.2,137.9,141.29,152.75,115,"2,32,64,091","3,28,70,88,154.50","1,50,604"
20-Sep-21,137.7,140.85,133.25,137.9,133.75,134.3,137.3,152.75,115,"1,97,99,941","2,71,84,58,982.70","1,28,576"
21-Sep-21,137.2,138,131,134.3,133.5,133.45,133.29,152.75,115,"1,93,30,196","2,57,64,60,688.00","1,29,235"
22-Sep-21,135.4,135.4,131.3,133.45,132.1,132.1,132.52,152.75,115,"1,69,23,375","2,24,27,05,272.85","92,803"
23-Sep-21,134.5,140.4,133.05,132.1,137.7,137.3,137.41,152.75,115,"3,17,79,169","4,36,68,76,590.05","1,68,734"
24-Sep-21,137.55,139.5,136.05,137.3,136.7,136.65,137.83,152.75,115,"1,30,99,391","1,80,54,51,017.65","78,353"
27-Sep-21,139.85,144.75,138,136.65,143.55,143.7,141.51,152.75,115,"2,60,41,244","3,68,49,98,440.15","1,44,737"
28-Sep-21,143.9,143.9,137.65,143.7,139.25,139,140.22,152.75,115,"1,34,89,232","1,89,14,61,965.95","95,078"
29-Sep-21,138,139.5,136.5,139,138.35,138.5,138.13,152.75,115,"1,08,01,439","1,49,19,77,916.75","83,843"
30-Sep-21,139.2,139.2,136.15,138.5,136.8,136.6,137.28,152.75,115,"78,25,751","1,07,43,56,093.10","68,327"
01-Oct-21,137.3,140.5,137,136.6,138.2,138,138.87,152.75,115,"1,19,40,576","1,65,82,08,635.90","96,250"
04-Oct-21,139.1,140,138,138,138.75,139.1,139.15,152.75,115,"1,19,95,299","1,66,91,70,566.25","1,01,302"
05-Oct-21,138.75,138.8,137.15,139.1,138,137.95,137.86,152.75,115,"1,09,12,142","1,50,43,35,057.00","96,329"
06-Oct-21,138.75,139.2,133.7,137.95,134.8,134.95,136.98,152.75,115,"99,88,184","1,36,81,74,794.65","62,569"
07-Oct-21,136.75,138.45,136.05,134.95,137.25,137.1,137.44,152.75,115,"73,17,664","1,00,57,61,040.30","64,814"
08-Oct-21,138,138,135.7,137.1,136.55,136.15,136.88,152.75,115,"62,07,969","84,97,35,832.95","77,394"
11-Oct-21,137.5,137.5,136.15,136.15,137,136.85,136.9,152.75,115,"43,95,523","60,17,53,245.90","47,929"
12-Oct-21,137.3,137.75,135.5,136.85,136.8,136.6,136.81,152.75,115,"56,00,652","76,62,14,085.00","52,103"
13-Oct-21,137.25,137.4,134.35,136.6,135.5,135.45,136.01,152.75,115,"63,51,349","86,38,52,942.90","57,994"
14-Oct-21,135.9,137.3,133.7,135.45,134.7,135,135.44,152.75,115,"86,88,177","1,17,67,15,722.40","94,323"
18-Oct-21,136,146.15,135.9,135,144,144.05,142.67,152.75,115,"3,14,46,800","4,48,65,31,321.70","2,02,936"
19-Oct-21,144.9,145.1,137.25,144.05,139.6,138.55,141.28,152.75,115,"1,46,88,308","2,07,51,57,764.95","1,15,329"
20-Oct-21,138.5,140.4,133.85,138.55,138.2,137.9,136.15,152.75,115,"1,26,07,297","1,71,64,24,141.25","1,07,977"
21-Oct-21,139.75,139.9,135.8,137.9,137.5,138.15,137.79,152.75,115,"59,51,873","82,01,33,818.65","54,310"
22-Oct-21,138.95,142,135.8,138.15,137.7,137.75,139.01,152.75,115,"1,14,68,458","1,59,42,85,532.60","87,476"
25-Oct-21,138,138.95,131.55,137.75,134,132.7,133.44,152.75,115,"1,35,30,512","1,80,55,09,395.90","1,46,653"
26-Oct-21,133,137.35,133,132.7,136,135.45,136.03,152.75,115,"64,45,894","87,68,50,951.60","61,558"
27-Oct-21,136.2,139.25,134.5,135.45,134.9,134.8,136.32,152.75,115,"89,82,174","1,22,44,30,024.70","51,351"
28-Oct-21,135.35,136.5,131.5,134.8,135.5,135.6,133.42,152.75,115,"1,19,36,370","1,59,25,82,016.45","82,472"
29-Oct-21,135,135,130.5,135.6,131.7,131.55,131.95,152.75,115,"1,29,25,877","1,70,55,36,188.20","1,07,530"
01-Nov-21,133.6,134.3,132,131.55,132.55,132.65,133.22,152.75,115,"62,00,243","82,59,71,953.95","52,656"
02-Nov-21,132.7,133.6,131.75,132.65,132.4,132.45,132.63,152.75,115,"73,67,792","97,72,07,255.10","63,828"
03-Nov-21,132.9,132.9,127.5,132.45,128.7,128.35,129.31,152.75,115,"1,59,19,925","2,05,86,61,621.65","1,28,004"
04-Nov-21,130,132.4,130,128.35,132.25,131.35,131.05,152.75,115,"41,01,820","53,75,54,185.45","40,488"
08-Nov-21,132.95,133.6,130.6,131.35,131.6,131.15,131.91,152.75,115,"1,76,45,794","2,32,76,52,153.55","1,39,174"
09-Nov-21,133,138.9,131.65,131.15,137.65,137.65,135.34,152.75,115,"2,64,57,361","3,58,07,91,620.85","1,82,614"
10-Nov-21,136.5,139.15,135,137.65,136,136.05,136.88,152.75,115,"1,68,16,048","2,30,18,00,046.95","1,31,581"
11-Nov-21,142,144,132.6,136.05,142,140.9,140.03,152.75,115,"8,35,82,039","11,70,35,91,099.35","4,27,129"
12-Nov-21,142,155.2,142,140.9,153.1,153,149.27,155.2,115,"14,05,47,798","20,97,97,02,367.30","5,71,574"
15-Nov-21,149,163.3,142.35,153,161.2,160.3,153.41,163.3,115,"12,11,97,599","18,59,29,84,316.40","4,18,142"
16-Nov-21,161.15,169,153.8,160.3,155.2,157.6,161.42,169,115,"10,93,42,731","17,65,01,73,504.35","4,57,160"
17-Nov-21,155.95,162.25,154.25,157.6,156.65,156.55,159.59,169,115,"4,45,05,156","7,10,24,83,620.45","1,82,785"
18-Nov-21,158.9,161.85,152.5,156.55,155,154.7,157.04,169,115,"4,68,02,082","7,34,96,10,786.15","2,40,575"
22-Nov-21,158.25,158.25,136.8,154.7,149.85,149.75,147.65,169,115,"7,94,17,849","11,72,62,36,083.35","3,65,808"
23-Nov-21,150,152,144.25,149.75,149.25,148.7,149.07,169,115,"3,82,36,588","5,69,99,92,693.75","1,77,912"
24-Nov-21,151.1,156.4,149.6,148.7,153.85,155.5,153.98,169,115,"5,37,49,976","8,27,61,75,275.10","2,37,109"
25-Nov-21,157,161.3,154.05,155.5,159.2,159.75,158.91,169,115,"4,89,00,473","7,77,08,11,652.15","2,31,254"
26-Nov-21,158.45,158.45,146.25,159.75,150.05,148.15,151.32,169,115,"3,59,68,151","5,44,28,33,613.05","2,05,520"
29-Nov-21,148.8,153.9,137.5,148.15,150,149.1,148.8,169,115,"4,39,72,445","6,54,32,78,475.50","2,36,216"
30-Nov-21,149.95,158,145.3,149.1,153.1,152.55,152.15,169,115,"25,81,30,152","39,27,43,33,165.30","3,45,170"
01-Dec-21,153,157.9,149.45,152.55,151,151.4,152.32,169,115,"3,26,04,856","4,96,63,76,311.35","1,62,638"
02-Dec-21,151.6,153.8,147.8,151.4,150.6,150.65,150.2,169,115,"2,35,08,261","3,53,08,36,282.20","1,17,459"
03-Dec-21,152.1,152.8,143.85,150.65,145.65,144.9,147.93,169,115,"2,64,52,896","3,91,32,77,001.00","1,49,937"
06-Dec-21,146.6,146.85,135.3,144.9,135.3,138.55,140.79,169,115,"3,32,44,501","4,68,04,45,210.75","1,91,492"
07-Dec-21,141.35,143.8,138.65,138.55,139.7,139.8,140.45,169,115,"3,68,35,410","5,17,34,31,579.90","1,66,758"
08-Dec-21,141,148.6,140.25,139.8,147.3,147.6,144.52,169,115,"3,73,24,365","5,39,43,00,270.35","1,72,970"
09-Dec-21,148.65,148.65,145.3,147.6,145.8,146.25,146.78,169,115,"1,83,77,899","2,69,74,67,248.20","91,904"
10-Dec-21,144.1,146.4,139.75,146.25,140.7,140.55,142,169,115,"2,78,81,031","3,95,92,39,951.70","1,31,114"
13-Dec-21,142.2,144.45,141.9,140.55,142.5,142.65,143.14,169,115,"2,03,18,225","2,90,83,44,791.05","1,18,768"
14-Dec-21,144.7,144.95,140,142.65,140.9,140.65,142.74,169,115,"1,94,74,412","2,77,97,54,985.95","1,03,134"
15-Dec-21,140.5,142,140,140.65,140.9,140.6,140.9,169,115,"1,27,91,660","1,80,23,78,662.25","68,649"
16-Dec-21,141.9,142.85,137.4,140.6,138.35,138.4,139.16,169,115,"1,71,82,101","2,39,10,20,321.90","91,748"
17-Dec-21,138.95,141,132.35,138.4,139.65,135.35,135.87,169,115,"9,53,86,202","12,96,04,59,114.95","1,66,228"
20-Dec-21,135.3,135.75,124.6,135.35,127.4,126.55,128.52,169,115,"3,60,64,413","4,63,48,55,582.15","2,15,461"
21-Dec-21,128.85,132.85,128.6,126.55,132,131.6,131.35,169,115,"2,04,42,777","2,68,52,36,083.55","1,12,825"
22-Dec-21,133.05,139.75,133,131.6,139.05,138.65,136.66,169,115,"1,94,25,711","2,65,48,03,651.00","1,09,610"
23-Dec-21,140.05,140.75,132.1,138.65,133.3,133,135.75,169,115,"2,19,34,786","2,97,77,25,260.85","1,21,871"
24-Dec-21,134.5,134.5,129.6,133,131.5,131.45,131.06,169,115,"1,76,25,584","2,31,00,05,054.10","91,117"
27-Dec-21,131.35,133.85,128,131.45,132.85,132.75,131.63,169,115,"1,39,34,154","1,83,40,96,563.00","71,433"
28-Dec-21,133.7,134,131.65,132.75,132.7,132.85,132.81,169,115,"1,11,70,275","1,48,35,13,512.85","56,967"
29-Dec-21,132.7,137.7,131.55,132.85,136.4,137.1,135.19,169,115,"1,89,14,246","2,55,70,89,401.30","85,931"
30-Dec-21,137.05,137.05,133.3,137.1,133.95,133.95,134.65,169,115,"83,69,208","1,12,69,36,334.65","59,848"
31-Dec-21,133.85,138.4,133.4,133.95,136.9,137.4,136.55,169,115,"1,14,52,243","1,56,38,11,823.20","63,986"
03-Jan-22,139.7,142.45,138.3,137.4,141.15,141.35,140.78,169,115,"2,25,18,241","3,17,00,19,495.35","1,28,474"
04-Jan-22,141.35,141.55,137.6,141.35,138.3,138.35,138.77,169,115,"1,07,05,792","1,48,56,05,062.75","63,368"
05-Jan-22,137.9,137.9,133.3,138.35,134.35,133.95,134.81,169,115,"1,58,74,857","2,14,00,60,030.95","86,198"
06-Jan-22,133,133.15,129.6,133.95,130.15,130,130.91,169,115,"2,37,80,419","3,11,31,31,657.45","1,56,359"
07-Jan-22,130,131.45,129,130,129.4,129.25,129.66,169,115,"2,28,46,951","2,96,22,71,119.30","1,23,919"
10-Jan-22,130.5,130.9,129.4,129.25,130.25,130.2,130.1,169,115,"1,13,89,370","1,48,17,77,230.20","78,238"
11-Jan-22,131,132.5,130,130.2,131.4,131.3,131.59,169,115,"1,53,96,652","2,02,60,51,214.10","1,06,297"
12-Jan-22,132.1,132.9,131.6,131.3,132.2,132.25,132.25,169,115,"80,04,430","1,05,85,87,891.95","60,654"
13-Jan-22,132.5,133.45,132.35,132.25,133.1,133.1,132.93,169,115,"65,35,224","86,87,34,971.45","62,486"
14-Jan-22,133.1,134.45,132.05,133.1,133.5,133.6,133.68,169,115,"94,43,928","1,26,24,19,838.55","49,179"
17-Jan-22,133.6,134.5,133,133.6,134.05,134,133.86,169,115,"75,15,979","1,00,60,63,322.10","40,807"
18-Jan-22,134.5,134.6,132.8,134,132.95,133.05,133.25,169,115,"94,28,096","1,25,63,02,861.30","50,251"
19-Jan-22,131.7,132.4,128.25,133.05,129.45,129.2,130.52,169,115,"2,78,12,341","3,63,01,65,277.25","82,516"
20-Jan-22,127.95,130.7,125,129.2,125.9,125.2,126.74,169,115,"2,32,90,545","2,95,17,98,974.80","1,54,313"
21-Jan-22,125.15,125.15,112.55,125.2,114,113.65,117.1,169,112.55,"5,98,05,922","7,00,34,73,698.30","3,51,324"
24-Jan-22,114,114.2,90.95,113.65,90.95,91.35,95.08,169,90.95,"16,70,44,739","15,88,33,61,590.20","6,87,497"
25-Jan-22,90.95,100.45,84.15,91.35,100.45,100.45,93.71,169,84.15,"13,83,36,211","12,96,28,59,749.65","5,43,944"
27-Jan-22,98,98,90.45,100.45,90.55,90.5,91.6,169,84.15,"10,64,88,772","9,75,40,84,894.85","3,59,608"
28-Jan-22,93.6,96.45,88.8,90.5,90.2,89.55,91.07,169,84.15,"6,14,52,438","5,59,66,56,558.65","2,92,880"
31-Jan-22,91.35,92.5,89.65,89.55,90.45,90.4,90.65,169,84.15,"2,02,03,799","1,83,15,33,833.55","1,11,814"
01-Feb-22,91.75,95.8,91.05,90.4,94.6,94.55,94.21,169,84.15,"3,26,06,751","3,07,18,11,663.70","1,58,566"
02-Feb-22,95.75,99.75,94.8,94.55,99.05,98.9,98.11,169,84.15,"1,86,74,088","1,83,20,79,119.80","1,44,174"
03-Feb-22,98.5,98.5,96.1,98.9,96.9,97.1,96.89,169,84.15,"97,69,090","94,64,88,446.75","83,585"
04-Feb-22,97.2,97.85,93.6,97.1,94.6,94.2,95.24,169,84.15,"1,53,54,384","1,46,23,20,615.90","1,04,052"
07-Feb-22,95.1,95.5,93.35,94.2,93.8,93.55,94.05,169,84.15,"1,09,00,141","1,02,52,03,051.00","98,291"
08-Feb-22,94.35,94.65,91.25,93.55,93.8,93.55,92.92,169,84.15,"90,26,735","83,87,62,599.95","78,517"
09-Feb-22,94.5,95.45,93.6,93.55,94,94.2,94.34,169,84.15,"78,76,462","74,30,92,958.90","58,874"
10-Feb-22,94.9,95.4,93,94.2,94.6,94.45,94.46,169,84.15,"1,32,57,124","1,25,22,19,843.25","92,286"
11-Feb-22,92.75,92.75,86.5,94.45,88.8,88.7,88.98,169,84.15,"3,99,76,783","3,55,70,54,911.20","4,60,151"
14-Feb-22,87,87,80.55,88.7,82.65,82.45,83.18,169,80.55,"3,50,49,550","2,91,53,77,950.00","4,46,998"
15-Feb-22,83.5,84.65,75.75,82.45,82.5,82.7,79.27,169,75.75,"10,62,16,252","8,42,01,42,421.40","5,30,753"
16-Feb-22,85,87,84.25,82.7,85,84.95,85.63,169,75.75,"3,31,06,605","2,83,50,74,576.95","1,54,462"
17-Feb-22,86.5,90.1,85.9,84.95,89.25,89.15,87.74,169,75.75,"2,95,66,401","2,59,41,85,030.80","1,26,405"
18-Feb-22,88.1,88.4,85.2,89.15,85.8,85.9,86.78,169,75.75,"1,50,37,123","1,30,48,50,782.20","69,309"
21-Feb-22,84.2,84.8,80.65,85.9,81.95,81.55,82.61,169,75.75,"1,88,53,339","1,55,74,87,373.90","90,540"
22-Feb-22,78,80.55,77,81.55,79.85,79.7,78.88,169,75.75,"2,88,14,770","2,27,28,14,957.90","1,28,741"
23-Feb-22,82,85.15,81.2,79.7,84.05,84.15,83.09,169,75.75,"1,98,47,603","1,64,92,06,261.20","83,016"
24-Feb-22,78.65,81.5,78.1,84.15,78.65,78.5,79.78,169,75.75,"2,20,35,319","1,75,79,68,017.50","1,17,305"
25-Feb-22,82,83.4,78.15,78.5,79,78.8,80.26,169,75.75,"2,28,76,044","1,83,59,21,854.30","1,14,024"
28-Feb-22,79,80.95,76.55,78.8,80.05,79.95,79.67,169,75.75,"4,19,75,659","3,34,42,15,205.20","98,963"
02-Mar-22,80,82,79,79.95,79.8,79.85,80.47,169,75.75,"2,03,53,225","1,63,77,63,471.30","83,447"
03-Mar-22,81.5,83.2,81.2,79.85,82.15,82.2,82.13,169,75.75,"1,60,67,224","1,31,96,16,703.45","69,902"
04-Mar-22,80.5,82.9,79.5,82.2,79.85,80.2,80.97,169,75.75,"1,51,45,236","1,22,63,07,857.30","64,642"
07-Mar-22,79,79.65,78,80.2,79.1,79,78.86,169,75.75,"97,64,606","77,00,48,760.00","61,786"
08-Mar-22,79.25,80.6,77.6,79,78.2,78.15,78.84,169,75.75,"1,23,81,953","97,61,37,365.55","66,743"
09-Mar-22,79.45,80.65,78.9,78.15,80.5,80.35,79.83,169,75.75,"1,18,87,757","94,90,19,740.35","52,384"
10-Mar-22,82.55,83.95,81.7,80.35,82.1,82.2,82.58,169,75.75,"1,34,76,206","1,11,28,92,370.25","67,748"
11-Mar-22,82.4,82.4,79.5,82.2,79.95,79.9,80.56,169,75.75,"1,89,64,704","1,52,78,46,706.15","76,392"
14-Mar-22,80.7,80.7,79,79.9,79.35,79.3,79.5,169,75.75,"72,61,387","57,72,77,563.05","38,505"
15-Mar-22,79.3,79.6,76,79.3,76.8,76.55,77.51,169,75.75,"1,89,00,800","1,46,49,33,902.35","93,046"
16-Mar-22,80,80,75.5,76.55,76,75.95,76.53,169,75.5,"4,23,83,305","3,24,34,78,522.40","1,67,746"
17-Mar-22,77.2,82,76.8,75.95,81.6,80.85,79.41,169,75.5,"3,44,40,238","2,73,50,28,345.45","1,08,185"
21-Mar-22,82,83.3,79.25,80.85,80.2,80.4,81.8,169,75.5,"2,86,69,864","2,34,52,62,872.60","93,108"
22-Mar-22,80.95,81.9,79.3,80.4,80.95,81.15,80.41,169,75.5,"2,37,98,591","1,91,36,06,034.10","95,139"
23-Mar-22,82,82,80.2,81.15,80.65,80.75,80.92,169,75.5,"1,25,22,850","1,01,32,87,354.65","49,226"
24-Mar-22,80.7,82.35,80.05,80.75,80.4,80.35,80.98,169,75.5,"1,29,96,477","1,05,23,96,692.35","51,996"
25-Mar-22,81,81.85,80.25,80.35,80.45,80.6,80.97,169,75.5,"1,35,85,986","1,10,00,53,656.15","53,780"
28-Mar-22,80.6,81,79.15,80.6,79.6,79.65,79.89,169,75.5,"1,00,34,667","80,16,76,841.85","43,082"
29-Mar-22,80.05,80.5,78.05,79.65,78.3,78.2,78.79,169,75.5,"1,34,66,521","1,06,10,17,253.75","57,639"
30-Mar-22,79,86,78.5,78.2,86,85.05,82.64,169,75.5,"4,13,05,975","3,41,34,37,819.85","95,542"
31-Mar-22,88.7,88.7,81.75,85.05,82.3,82.3,84.34,169,75.5,"3,46,72,910","2,92,43,53,479.40","1,02,025"
01-Apr-22,82.1,85.6,82.05,82.3,84,84.3,84.35,169,75.5,"1,55,86,812","1,31,46,86,038.60","69,503"
04-Apr-22,84.4,87.7,84.4,84.3,86.15,86.25,85.95,169,75.5,"1,80,40,882","1,55,06,06,634.50","70,033"
05-Apr-22,83,85.15,82.35,86.25,83.75,83.9,84.09,169,75.5,"2,84,33,443","2,39,08,39,510.35","1,05,282"
06-Apr-22,83.75,85.3,83.15,83.9,84.7,84.55,84.62,169,75.5,"1,06,97,018","90,51,53,599.55","51,390"
07-Apr-22,84.8,85.25,82.25,84.55,82.7,82.5,83.44,169,75.5,"97,09,022","81,01,05,305.90","56,465"
08-Apr-22,83.5,85.5,82.75,82.5,83.4,83.4,83.84,169,75.5,"1,48,51,737","1,24,51,93,176.95","55,339"
11-Apr-22,83.15,85.85,83,83.4,84.25,84.45,84.43,169,75.5,"1,76,09,808","1,48,67,14,194.50","66,445"
12-Apr-22,84.3,84.3,81,84.45,81.55,81.5,82.08,169,75.5,"1,29,13,673","1,05,99,26,916.20","61,906"
13-Apr-22,82.5,88.3,82.15,81.5,83.7,83.9,85.5,169,75.5,"5,29,88,189","4,53,04,18,274.00","1,62,242"
18-Apr-22,83.7,84.4,82.55,83.9,83.2,82.9,83.27,169,75.5,"1,42,09,908","1,18,32,20,208.15","61,111"
19-Apr-22,83.1,83.9,79.45,82.9,79.95,80.45,82.21,169,75.5,"1,34,39,870","1,10,48,57,210.25","62,094"
20-Apr-22,81.6,82.3,80,80.45,80.5,80.3,81.01,169,75.5,"1,27,97,463","1,03,67,80,999.80","60,347"
21-Apr-22,81.1,81.85,80.65,80.3,80.95,80.8,81.1,169,75.5,"67,80,602","54,99,00,674.15","45,210"
22-Apr-22,80.7,81.8,80.2,80.8,81.2,81.2,80.81,169,75.5,"72,11,263","58,27,12,922.05","40,649"
25-Apr-22,80.5,81.6,78.6,81.2,78.95,78.75,79.84,169,75.5,"1,67,17,052","1,33,47,12,284.90","70,849"
26-Apr-22,80.6,80.9,78.6,78.75,79.75,79.6,79.27,169,75.5,"95,48,939","75,68,98,207.95","45,463"
27-Apr-22,79.4,79.6,75.5,79.6,76,75.85,76.68,169,75.5,"2,36,26,624","1,81,15,92,795.95","1,41,018"
28-Apr-22,77.35,77.6,73.5,75.85,73.8,73.85,74.73,169,73.5,"2,13,38,831","1,59,46,37,288.95","96,310"
29-Apr-22,74.7,74.85,71.1,73.85,72,71.75,72.04,169,71.1,"2,48,73,682","1,79,19,98,844.00","1,13,750"
02-May-22,71.75,71.9,68.75,71.75,69.75,69.5,69.97,169,68.75,"1,84,64,589","1,29,19,49,138.35","1,06,836"
04-May-22,69.75,70,63.9,69.5,64.9,64.45,65.84,169,63.9,"4,30,49,544","2,83,45,53,548.35","2,01,091"
05-May-22,65.75,66.65,60.5,64.45,61.5,61.15,63.05,169,60.5,"4,02,96,393","2,54,07,30,858.00","1,27,882"
06-May-22,59.3,62.3,57.65,61.15,61.7,60.5,58.79,169,57.65,"4,71,89,321","2,77,43,41,612.60","1,52,932"
09-May-22,59.6,60.4,55.65,60.5,56.6,56.75,57.96,169,55.65,"3,82,79,098","2,21,86,94,026.15","1,31,277"
10-May-22,55.75,56.75,50.05,56.75,52.65,52.45,54.34,169,50.05,"4,51,35,581","2,45,27,08,831.45","1,49,848"
11-May-22,52,56.45,50.3,52.45,54.2,54.2,53.62,169,50.05,"9,98,12,774","5,35,16,03,846.00","2,13,290"
12-May-22,53.8,53.9,51.05,54.2,52,51.95,52.02,169,50.05,"3,73,38,266","1,94,22,75,470.80","91,033"
13-May-22,53.3,59.2,52.25,51.95,57,56.85,55.97,169,50.05,"7,92,92,212","4,43,82,24,070.00","1,68,575"
16-May-22,56.85,57.7,54.75,56.85,56.2,56.4,56.15,169,50.05,"3,70,36,105","2,07,93,97,312.15","98,439"
17-May-22,56.1,56.7,55.15,56.4,56.25,56.15,55.81,169,50.05,"2,14,60,388","1,19,78,11,030.50","75,151"
18-May-22,56.1,59.6,55.85,56.15,58.7,58.75,57.96,169,50.05,"5,77,28,111","3,34,61,03,193.35","1,37,676"
19-May-22,56.5,56.85,54.8,58.75,55.2,55.35,55.81,169,50.05,"3,19,70,099","1,78,42,08,607.45","85,189"
20-May-22,56.5,58.75,56.4,55.35,58.5,58.05,57.6,169,50.05,"3,24,11,623","1,86,70,53,616.90","76,850"
23-May-22,58.7,60.5,56.6,58.05,56.8,57.05,58.39,169,50.05,"3,68,30,591","2,15,06,43,503.20","85,134"
24-May-22,57.95,67.6,57.9,57.05,65.45,64.95,64.06,169,50.05,"19,35,77,787","12,40,13,94,486.05","4,23,662"
25-May-22,65.7,66.9,60.65,64.95,61.6,62.3,62.92,169,50.05,"10,44,46,924","6,57,19,27,689.35","2,11,935"
26-May-22,61,62.5,59.6,62.3,60.45,60.45,60.6,169,50.05,"4,65,56,399","2,82,11,41,910.15","1,01,832"
27-May-22,63,63,61.5,60.45,61.95,62.05,62.08,169,50.05,"3,20,64,280","1,99,04,89,809.90","85,919"
30-May-22,63.25,72.1,62.6,62.05,71.25,71.05,67.98,169,50.05,"12,41,03,679","8,43,65,33,667.30","2,38,657"
31-May-22,68.5,77.7,67.4,71.05,76.05,74.65,73.22,169,50.05,"18,43,33,915","13,49,71,24,040.05","3,45,359"
01-Jun-22,75.4,79.8,73.1,74.65,73.9,74.7,76,169,50.05,"12,79,49,782","9,72,39,04,032.10","2,78,547"
02-Jun-22,74.4,74.4,71.4,74.7,71.9,71.95,72.62,169,50.05,"4,78,66,809","3,47,61,50,095.40","1,18,083"
03-Jun-22,73.9,74.85,71.2,71.95,71.75,72.15,72.85,169,50.05,"3,57,79,760","2,60,64,84,488.10","85,796"
06-Jun-22,70,71.2,69.2,72.15,69.7,69.9,70.24,169,50.05,"3,00,78,469","2,11,26,51,766.90","82,087"
07-Jun-22,69.7,69.7,64.75,69.9,65.2,65.4,66.83,169,50.05,"4,17,55,337","2,79,04,45,365.50","1,26,310"
08-Jun-22,66,68.6,64.1,65.4,66.65,67.15,65.91,169,50.05,"4,66,97,875","3,07,79,47,155.70","1,02,581"
09-Jun-22,66.2,69.7,65,67.15,68.85,68.7,67.29,169,50.05,"4,76,53,877","3,20,64,50,382.55","1,07,357"
10-Jun-22,67.3,69.7,66.5,68.7,68.85,69,68.6,169,50.05,"4,20,40,372","2,88,38,37,400.45","1,06,673"
13-Jun-22,67.5,68.3,65.4,69,67.45,67.5,66.86,169,50.05,"3,48,63,276","2,33,09,57,256.90","90,026"
14-Jun-22,64.2,70.75,64,67.5,69.65,70,68.52,169,50.05,"6,66,77,006","4,56,86,95,225.85","1,62,642"
15-Jun-22,70.65,71.9,68.95,70,69.3,70.2,70.32,169,50.05,"3,32,46,369","2,33,80,02,914.05","86,358"
16-Jun-22,72,72,66.1,70.2,66.3,67.2,68.78,169,50.05,"4,18,79,881","2,88,04,68,707.05","98,446"
17-Jun-22,65.65,69.4,65.3,67.2,68.75,67.05,66.41,169,50.05,"3,35,97,224","2,23,12,00,358.95","82,129"
20-Jun-22,68,68,64.05,67.05,64.85,65,65.57,169,50.05,"2,74,09,011","1,79,73,23,146.50","66,650"
21-Jun-22,65.5,67.25,65.35,65,66.05,66.05,66.28,169,50.05,"2,29,05,677","1,51,81,67,362.95","53,474"
22-Jun-22,65.95,68.6,65,66.05,66.95,67.6,67.45,169,50.05,"3,50,26,600","2,36,23,70,361.30","91,281"
23-Jun-22,67.05,70,66.5,67.6,69.4,69.55,69.01,169,50.05,"3,37,85,882","2,33,16,74,938.00","84,716"
24-Jun-22,71,71.85,69.55,69.55,70.15,70.5,70.39,169,50.05,"2,39,48,418","1,68,57,38,845.60","70,094"
27-Jun-22,72.65,72.7,65,70.5,65.85,65.85,67.26,169,50.05,"11,07,51,340","7,44,95,48,866.75","3,19,215"
28-Jun-22,65.7,65.7,59.65,65.85,60.55,60.3,61.26,169,50.05,"12,09,59,477","7,41,03,45,430.80","2,90,221"
29-Jun-22,58.75,61.45,56.85,60.3,57.2,57.3,59.34,169,50.05,"9,69,55,320","5,75,37,35,870.25","2,24,780"
30-Jun-22,57.8,59,53.35,57.3,54,53.85,55.46,169,50.05,"10,68,93,631","5,92,87,92,537.55","2,24,494"
01-Jul-22,54.15,56.7,52.55,53.85,56,56.15,55.27,169,50.05,"11,20,78,641","6,19,43,78,254.50","2,02,571"
04-Jul-22,54.5,55.8,53.3,56.15,55,54.3,54.58,169,50.05,"5,69,02,459","3,10,59,53,281.60","1,44,014"
05-Jul-22,55.4,55.9,54.35,54.3,55.15,55.45,55.13,169,50.05,"5,12,76,627","2,82,68,25,903.85","98,279"
06-Jul-22,55.8,55.8,53.9,55.45,54.35,54.35,54.49,169,50.05,"3,24,03,447","1,76,57,48,816.70","79,505"
07-Jul-22,54.65,55.15,53.75,54.35,54.45,54.45,54.54,169,50.05,"3,57,59,428","1,95,02,87,200.10","70,024"
08-Jul-22,55,55.3,54.3,54.45,54.9,54.8,54.69,169,50.05,"2,14,13,556","1,17,10,07,208.45","53,921"
11-Jul-22,54.7,56.5,54.2,54.8,56.1,56.1,55.53,169,50.05,"2,17,39,009","1,20,71,17,950.50","58,917"
12-Jul-22,55.9,59.65,55.5,56.1,58.4,59,58.1,169,50.05,"5,79,86,568","3,36,89,41,930.70","1,24,277"
13-Jul-22,59,61.5,58,59,58.2,58.35,60.07,169,50.05,"7,33,83,005","4,40,78,19,794.65","1,68,994"
14-Jul-22,58.4,59,55.3,58.35,55.6,55.65,56.52,169,50.05,"4,30,24,089","2,43,15,86,756.70","1,10,659"
15-Jul-22,56.2,56.2,53.35,55.65,54.15,53.9,54.4,169,50.05,"4,79,95,067","2,61,10,92,297.90","1,14,954"
18-Jul-22,54.7,55.1,52.85,53.9,53.7,53.6,53.69,169,50.05,"4,76,89,463","2,56,05,37,634.45","1,13,018"
19-Jul-22,53.65,54.4,53.3,53.6,53.95,53.95,53.91,169,50.05,"3,54,27,093","1,90,99,83,357.00","76,067"
20-Jul-22,54.5,54.5,53.2,53.95,53.3,53.4,53.81,169,50.05,"3,76,83,099","2,02,77,83,225.90","92,221"
21-Jul-22,53.35,54.45,52.7,53.4,53.5,53.5,53.61,169,50.05,"2,94,02,446","1,57,61,44,744.00","72,787"
22-Jul-22,53.75,54,52.9,53.5,53.35,53.65,53.41,169,50.05,"2,73,02,087","1,45,81,24,151.55","62,850"
25-Jul-22,52.5,52.5,46,53.65,47.7,47.6,47.84,169,46,"23,28,41,112","11,13,83,44,692.00","4,56,293"
26-Jul-22,46.6,46.65,41.2,47.6,41.6,41.65,43.54,169,41.2,"41,23,04,737","17,95,14,90,749.80","5,83,086"
27-Jul-22,40.85,44.4,40.6,41.65,43.95,43.95,43.29,169,40.6,"41,12,05,172","17,80,06,70,814.05","4,94,197"
28-Jul-22,44.9,46.3,43.05,43.95,45.5,45.7,45.18,169,40.6,"26,75,44,569","12,08,77,19,074.85","2,86,701"
29-Jul-22,45.6,47.2,44.55,45.7,46.15,46.8,46.45,169,40.6,"17,71,87,972","8,23,06,81,765.40","2,66,253"
01-Aug-22,46.8,47.25,45.05,46.8,46.5,46.3,46.09,169,40.6,"13,59,44,043","6,26,60,52,864.50","1,94,224"
02-Aug-22,50,55.55,48.4,46.3,55.55,55.55,52.14,169,40.6,"52,88,99,748","27,57,66,64,503.20","5,81,641"
03-Aug-22,52.5,56.9,51.75,55.55,55.4,55.45,54.51,169,40.6,"59,96,88,336","32,68,61,79,200.05","6,55,896"
04-Aug-22,55.75,58.65,54.5,55.45,56.8,57.85,56.75,169,40.6,"42,01,83,405","23,84,73,02,673.80","5,26,837"
05-Aug-22,57.9,59.15,53.25,57.85,55,54.6,56.75,169,40.6,"31,50,19,033","17,87,74,16,523.20","4,46,431"
08-Aug-22,54.7,56.2,54.2,54.6,55.55,55.45,55.3,169,40.6,"17,81,85,076","9,85,45,12,547.60","2,68,717"
10-Aug-22,56.2,56.55,54.5,55.45,56,55.95,55.47,169,40.6,"20,06,99,912","11,13,32,14,217.40","2,37,333"
11-Aug-22,56.9,58.15,56.35,55.95,57.95,57.9,57.57,169,40.6,"13,09,42,734","7,53,78,21,080.75","1,72,279"
12-Aug-22,58.1,63.1,57.9,57.9,61.8,61.75,60.83,169,40.6,"35,12,08,957","21,36,45,59,453.40","3,88,275"
16-Aug-22,62.65,67.45,62.5,61.75,64.15,64.25,64.39,169,40.6,"25,06,86,966","16,14,16,50,371.50","3,76,543"
17-Aug-22,64.8,65.6,61.8,64.25,65.3,65.25,63.69,169,40.6,"25,80,66,522","16,43,58,25,018.90","3,48,652"
18-Aug-22,65.6,69.25,65,65.25,66.65,67.1,67.49,169,40.6,"30,35,66,868","20,48,62,19,664.90","4,12,117"
19-Aug-22,67.4,68.25,60.15,67.1,61.3,61.45,63.38,169,40.6,"29,57,37,752","18,74,39,44,917.60","5,10,653"
22-Aug-22,61,62.85,59.25,61.45,62.45,62,61.32,169,40.6,"22,67,73,007","13,90,57,64,116.25","3,50,276"
23-Aug-22,62.3,65.25,62.15,62,63.95,64.45,63.65,169,40.6,"21,85,85,102","13,91,31,26,911.30","2,55,044"
24-Aug-22,64.1,64.2,61.7,64.45,62.1,62.2,62.9,169,40.6,"11,64,01,002","7,32,13,31,728.25","2,10,595"
25-Aug-22,62.8,63.2,61.65,62.2,61.9,62.1,62.32,169,40.6,"8,11,37,105","5,05,62,17,400.55","1,44,457"
26-Aug-22,62.4,62.7,60.55,62.1,61.85,61.85,61.6,169,40.6,"8,79,39,030","5,41,73,34,738.65","1,64,004"
29-Aug-22,59.7,60.55,58.35,61.85,59.25,59.2,59.5,169,40.6,"9,84,93,347","5,86,05,96,252.75","1,64,515"
30-Aug-22,60.2,61.25,57.3,59.2,58.3,57.95,58.5,169,40.6,"16,20,54,037","9,48,04,09,754.30","2,61,744"
01-Sep-22,58.7,63.15,58.25,57.95,62.8,62.45,60.77,169,40.6,"19,24,77,817","11,69,76,78,086.70","2,71,246"
02-Sep-22,63.4,63.4,59.4,62.45,59.6,59.75,60.54,169,40.6,"13,79,46,710","8,35,06,17,879.80","2,14,212"
05-Sep-22,60.45,60.8,59.3,59.75,59.8,59.65,59.96,169,40.6,"8,45,39,046","5,06,86,62,937.15","1,46,788"
06-Sep-22,60.3,60.8,59.4,59.65,59.65,59.7,59.94,169,40.6,"7,01,86,636","4,20,70,70,296.50","1,03,795"
07-Sep-22,59.65,60.4,59.2,59.7,59.45,59.5,59.78,169,40.6,"5,98,43,737","3,57,75,85,442.10","90,214"
08-Sep-22,60.35,62.5,59.8,59.5,61.1,61.35,61.2,169,40.6,"12,84,30,049","7,85,97,24,894.80","1,76,794"
09-Sep-22,62,63.65,62,61.35,62.65,62.8,62.64,169,40.6,"13,93,69,425","8,73,03,26,870.95","1,68,949"
12-Sep-22,63,63.2,62.25,62.8,62.65,62.55,62.62,169,40.6,"6,40,44,347","4,01,07,22,557.30","89,027"
13-Sep-22,63,66.6,62.8,62.55,65.55,65.45,65.06,169,40.6,"19,90,32,705","12,94,85,23,527.70","2,79,865"
14-Sep-22,64.05,65.15,62.75,65.45,63.25,63.3,63.68,169,40.6,"11,98,24,317","7,63,08,17,191.85","1,77,723"
15-Sep-22,64,64.9,63.3,63.3,64.35,64.6,64.22,169,40.6,"8,81,85,944","5,66,34,71,040.25","1,30,768"
16-Sep-22,64.4,65,61.1,64.6,64.85,63.2,63.11,169,40.6,"19,65,37,446","12,40,33,76,466.65","1,62,862"
19-Sep-22,64.2,65.45,63.45,63.2,63.85,63.95,64.26,169,40.6,"7,04,53,100","4,52,71,08,904.45","1,32,160"
20-Sep-22,64.9,65.7,62.4,63.95,62.7,62.85,64.37,169,40.6,"7,79,04,810","5,01,46,92,471.15","1,15,125"
21-Sep-22,63.3,63.95,62.4,62.85,63.3,63.45,63.31,169,40.6,"5,91,31,994","3,74,38,96,626.30","99,207"
22-Sep-22,62.9,63.75,62.6,63.45,63.2,63.3,63.38,169,40.6,"3,47,16,572","2,20,01,88,454.70","61,078"
23-Sep-22,63,63.35,60.4,63.3,60.8,60.8,61.63,169,40.6,"5,67,30,282","3,49,61,84,338.45","1,00,312"
26-Sep-22,60,60.65,57.4,60.8,57.6,57.8,58.44,169,40.6,"6,58,32,873","3,84,74,31,347.95","1,46,599"
27-Sep-22,58.15,59.75,56.95,57.8,58.65,58.85,58.28,169,40.6,"7,96,41,870","4,64,16,15,774.20","1,16,779"
28-Sep-22,57.8,59.25,57.5,58.85,58.2,58.05,58.35,169,40.6,"6,43,34,024","3,75,39,02,039.30","90,372"
29-Sep-22,59.2,62,58.9,58.05,61.8,61.2,60.07,169,40.6,"7,69,69,699","4,62,32,62,690.85","1,28,571"
30-Sep-22,61.5,62.85,59.75,61.2,62.25,62.35,61.33,169,40.6,"7,14,94,895","4,38,51,36,250.85","1,25,827"
03-Oct-22,62,63.1,61.2,62.35,61.75,61.9,62.14,169,40.6,"4,45,28,871","2,76,69,84,445.15","81,812"
04-Oct-22,63.1,64.45,63,61.9,63.9,64.05,63.87,169,40.6,"4,70,77,008","3,00,69,66,850.55","92,827"
06-Oct-22,64.4,66.15,64.25,64.05,65.35,65.55,65.46,169,40.6,"5,98,66,072","3,91,85,85,014.15","1,33,986"
07-Oct-22,65.15,70.2,64.6,65.55,69.3,69.55,68,169,40.6,"17,08,79,536","11,61,98,42,011.95","2,31,553"
10-Oct-22,68.4,69.7,67.5,69.55,68.35,68.7,68.69,169,40.6,"8,71,58,481","5,98,66,46,254.95","1,46,150"
11-Oct-22,68.4,69.2,65,68.7,65.3,65.55,66.87,169,40.6,"7,01,71,064","4,69,24,72,537.90","1,25,721"
12-Oct-22,65.65,66.45,63.05,65.55,63.55,63.75,64.43,169,40.6,"6,77,99,710","4,36,85,71,171.50","1,13,921"
13-Oct-22,64.1,64.65,61,63.75,61.7,61.25,62.46,169,40.6,"7,37,50,800","4,60,63,51,986.55","1,32,130"
14-Oct-22,63,64.15,61.6,61.25,62.05,61.9,63,169,40.6,"8,51,39,332","5,36,38,23,105.55","1,44,394"
17-Oct-22,61.9,63.25,61.15,61.9,62.55,62.65,62.18,169,40.6,"5,60,07,734","3,48,24,06,997.60","97,841"
18-Oct-22,63.65,64.4,62.75,62.65,63.1,63,63.54,169,40.6,"4,94,31,277","3,14,07,61,660.50","94,306"
19-Oct-22,63.4,63.7,61.5,63,62.2,62.05,62.26,169,40.6,"5,26,38,798","3,27,73,18,172.90","91,785"
20-Oct-22,61.7,62,60.85,62.05,61.5,61.3,61.29,169,40.6,"5,75,13,138","3,52,52,60,840.65","1,10,070"
21-Oct-22,61.8,63.2,61.3,61.3,61.65,61.8,62.34,169,40.6,"6,58,25,881","4,10,33,29,873.30","1,42,661"
24-Oct-22,62.9,62.95,62.05,61.8,62.25,62.35,62.49,169,40.6,"77,75,480","48,59,08,616.70","35,288"
25-Oct-22,62.7,64.9,62.4,62.35,64.5,64.6,63.95,169,40.6,"8,10,43,498","5,18,26,72,094.85","1,21,171"
27-Oct-22,64.1,65.65,63.5,64.6,64.9,65.1,65.04,169,40.6,"6,48,53,360","4,21,80,24,207.25","1,19,807"
28-Oct-22,65.25,65.7,62.3,65.1,62.8,62.6,63.24,169,40.6,"5,67,87,309","3,59,11,82,372.15","98,313"
31-Oct-22,63.6,63.85,62.1,62.6,63.05,63.1,62.75,169,40.6,"4,59,49,861","2,88,35,58,412.90","1,08,650"
01-Nov-22,63.5,63.75,62.7,63.1,63.45,63.5,63.35,169,40.6,"5,04,25,928","3,19,45,10,810.65","82,715"
02-Nov-22,63.75,64.7,62.7,63.5,62.85,63,63.59,169,40.6,"5,29,15,032","3,36,47,06,348.15","73,472"
03-Nov-22,62.8,62.8,62,63,62.25,62.2,62.36,169,40.6,"3,17,29,457","1,97,86,82,157.55","68,731"
04-Nov-22,62.75,63.65,62.45,62.2,63.15,63,62.91,169,40.6,"3,52,96,904","2,22,05,34,506.15","75,971"
07-Nov-22,63.85,65.45,63.25,63,64.9,65.1,64.45,169,40.6,"5,68,15,391","3,66,16,48,336.00","89,105"
09-Nov-22,65.45,67.5,65,65.1,65.15,65.3,66.26,169,40.6,"8,74,24,592","5,79,28,24,434.70","1,29,447"
10-Nov-22,65.5,65.95,63.15,65.3,63.65,63.95,64.18,169,40.6,"4,43,32,611","2,84,52,98,225.55","87,501"
11-Nov-22,66,73.55,65.5,63.95,72.65,72.8,70.59,169,40.6,"39,77,58,848","28,07,81,06,983.35","5,41,846"
14-Nov-22,74.3,75.45,69.05,72.8,69.35,69.6,71.31,169,40.6,"18,67,27,024","13,31,58,15,551.85","2,78,208"
15-Nov-22,69.6,71.15,69.1,69.6,69.75,69.95,70.15,169,40.6,"6,83,97,103","4,79,83,92,343.75","1,32,380"
16-Nov-22,69.95,70.5,67.7,69.95,68.65,68.7,68.81,169,40.6,"7,54,25,523","5,18,97,92,794.90","1,25,882"
17-Nov-22,68.4,69.8,67.5,68.7,67.7,67.7,68.39,169,40.6,"6,01,15,704","4,11,12,71,569.30","95,396"
18-Nov-22,68.15,69.35,66.9,67.7,67.2,67.15,68.03,169,40.6,"6,28,55,692","4,27,62,85,851.60","1,02,989"
21-Nov-22,66.4,66.4,63.8,67.15,64.3,64.3,64.68,161.3,40.6,"8,59,98,316","5,56,24,20,592.00","1,89,161"
22-Nov-22,64.9,64.9,63.3,64.3,63.9,63.95,64.11,161.3,40.6,"5,07,15,391","3,25,14,03,896.75","1,13,993"
23-Nov-22,63.5,64.3,61.4,63.95,61.7,61.75,62.42,161.3,40.6,"6,98,15,602","4,35,82,11,508.05","1,71,228"
24-Nov-22,62.3,64.1,62.05,61.75,63.45,63.2,63.22,161.3,40.6,"9,06,79,986","5,73,26,46,290.85","1,28,863"
25-Nov-22,64,64.9,63.05,63.2,63.7,64,63.9,161.3,40.6,"7,42,37,526","4,74,40,18,907.05","1,31,240"
28-Nov-22,64.25,65.3,63.8,64,63.9,64.4,64.62,158,40.6,"5,34,53,545","3,45,44,14,649.55","96,583"
29-Nov-22,64.4,64.9,63,64.4,63.35,63.55,64,158,40.6,"3,22,30,342","2,06,27,18,432.05","69,647"
30-Nov-22,63,66.8,61.9,63.55,65.8,65.25,63.34,158,40.6,"54,97,18,630","34,82,18,16,515.30","2,76,443"
01-Dec-22,66.5,67.15,65.4,65.25,66.5,66.65,66.3,158,40.6,"8,36,10,566","5,54,35,28,716.55","1,41,031"
02-Dec-22,66.75,68.9,66.5,66.65,68.75,68.55,67.97,158,40.6,"9,62,62,543","6,54,27,74,698.50","1,16,131"
05-Dec-22,68.85,69,65,68.55,65.3,65.45,66.13,148.65,40.6,"8,51,07,187","5,62,84,72,636.60","1,55,145"
06-Dec-22,64.75,65.45,64.45,65.45,64.85,64.8,64.85,148.65,40.6,"4,00,42,683","2,59,67,69,483.65","90,526"
07-Dec-22,65.1,65.4,64.1,64.8,64.25,64.45,64.74,148.65,40.6,"2,97,75,697","1,92,78,20,712.30","64,697"
08-Dec-22,64.8,64.8,63.65,64.45,63.85,63.8,64.06,148.65,40.6,"3,53,41,241","2,26,38,36,269.30","72,610"
09-Dec-22,64.2,64.85,63.9,63.8,64.25,64.15,64.3,148.65,40.6,"3,64,90,408","2,34,62,37,570.60","96,998"
12-Dec-22,64.15,64.75,63.6,64.15,64.15,64.4,64.12,144.95,40.6,"2,06,02,398","1,32,10,39,565.90","66,020"
13-Dec-22,64.8,65.2,64.35,64.4,64.65,64.6,64.69,144.95,40.6,"2,19,17,723","1,41,78,84,718.70","65,536"
14-Dec-22,64.85,65.45,64.6,64.6,65,65,65,144.95,40.6,"2,45,99,687","1,59,90,33,812.40","65,095"
15-Dec-22,64.95,65.25,63.8,65,64,64.15,64.63,144.95,40.6,"1,90,11,713","1,22,86,72,004.20","59,192"
16-Dec-22,63.75,64,61.85,64.15,62.25,62.15,62.79,144.95,40.6,"4,82,20,919","3,02,76,89,263.20","1,37,193"
19-Dec-22,62.4,62.8,62,62.15,62.15,62.15,62.26,142.45,40.6,"2,14,70,297","1,33,66,73,595.70","72,933"
20-Dec-22,62.1,63.2,61.9,62.15,63.15,62.85,62.31,142.45,40.6,"3,24,87,667","2,02,43,79,133.95","57,798"
21-Dec-22,63.2,63.5,60.85,62.85,61.7,61.35,62.39,142.45,40.6,"3,99,79,212","2,49,41,49,822.75","81,940"
22-Dec-22,61.8,62.05,58.55,61.35,59.05,58.95,60.23,142.45,40.6,"5,39,36,114","3,24,87,04,587.55","1,36,769"
23-Dec-22,58.3,58.35,53.2,58.95,54.05,53.65,55.62,142.45,40.6,"9,30,22,114","5,17,36,42,525.15","1,63,778"
26-Dec-22,53.95,59.75,53.45,53.65,58.2,58.15,57.45,142.45,40.6,"8,35,71,451","4,80,15,23,820.75","1,82,663"
27-Dec-22,59.4,60.6,58.5,58.15,58.85,58.95,59.19,142.45,40.6,"5,42,05,000","3,20,82,40,506.95","1,00,139"
28-Dec-22,58.5,60.8,57.85,58.95,60,60.15,59.33,142.45,40.6,"7,05,02,428","4,18,32,50,526.40","91,161"
29-Dec-22,59.5,61.55,59,60.15,60.85,60.85,60.06,142.45,40.6,"2,49,73,807","1,49,99,53,634.80","58,505"
30-Dec-22,61,61.45,59,60.85,59.4,59.3,59.91,142.45,40.6,"3,32,51,260","1,99,20,61,132.65","77,400"
02-Jan-23,60.65,60.7,59.8,59.3,60.3,60.3,60.21,142.45,40.6,"1,87,59,536","1,12,95,95,214.25","50,449"
03-Jan-23,58.85,59.55,57.3,60.3,58.9,58.95,58.87,142.45,40.6,"4,97,02,768","2,92,58,01,464.60","1,17,864"
04-Jan-23,58.4,58.7,56,58.95,56.35,56.35,57.13,142.45,40.6,"4,89,75,781","2,79,78,09,818.90","1,37,045"
05-Jan-23,56.95,57.1,55.6,56.35,56.35,56.2,56.23,142.45,40.6,"3,44,48,671","1,93,68,86,014.45","90,469"
06-Jan-23,56.2,56.4,54.95,56.2,55.45,55.25,55.49,142.45,40.6,"3,02,72,416","1,67,99,60,851.10","83,526"
09-Jan-23,56,57.25,55.75,55.25,55.95,56,56.14,134.6,40.6,"3,54,90,334","1,99,25,21,286.10","76,741"
10-Jan-23,56,56.15,53.8,56,55.05,54.7,55.03,134.6,40.6,"4,59,66,335","2,52,96,41,455.20","77,842"
11-Jan-23,55,56.15,54.1,54.7,54.45,54.35,55.04,134.6,40.6,"3,26,26,665","1,79,56,71,978.30","92,639"
12-Jan-23,54.7,55,52.95,54.35,53.9,53.75,53.83,134.6,40.6,"3,88,56,261","2,09,17,47,306.05","93,275"
13-Jan-23,54.1,54.5,53.05,53.75,53.45,53.25,53.54,134.6,40.6,"3,87,35,350","2,07,39,10,355.60","85,632"
16-Jan-23,54,54.3,52.5,53.25,52.8,52.7,53.29,134.6,40.6,"3,58,92,303","1,91,28,20,428.55","86,545"
17-Jan-23,53,53.1,50,52.7,50.15,50.15,50.95,134.6,40.6,"7,71,22,987","3,92,97,62,731.10","1,65,590"
18-Jan-23,50.4,51.45,48.85,50.15,50.9,51,50.91,134.6,40.6,"8,45,41,855","4,30,41,64,392.20","1,26,878"
19-Jan-23,50.3,51.9,50.05,51,51.15,51.1,51.19,134.6,40.6,"5,45,23,340","2,79,09,58,659.20","80,582"
20-Jan-23,51.4,52.25,50.55,51.1,51.8,51.45,51.17,134.6,40.6,"4,73,55,757","2,42,29,83,119.50","70,745"
23-Jan-23,51.9,51.9,50.65,51.45,51.1,51,51.1,114.2,40.6,"2,46,58,884","1,26,00,20,222.30","50,971"
24-Jan-23,51,52.3,50.65,51,52,52.1,51.36,114.2,40.6,"4,77,20,352","2,45,09,37,853.15","66,411"
25-Jan-23,52,52.05,44.35,52.1,47.95,47.75,48.06,114.2,40.6,"23,77,64,175","11,42,61,14,094.10","3,04,288"
27-Jan-23,49,51.8,46.7,47.75,47,46.95,48.88,114.2,40.6,"16,97,88,452","8,29,91,33,857.05","2,42,023"
30-Jan-23,47.9,48.55,46.7,46.95,47.4,47.4,47.54,99.75,40.6,"5,43,76,637","2,58,51,34,643.25","1,18,564"
31-Jan-23,48,50.7,46.45,47.4,49.55,49.75,48.04,99.75,40.6,"9,53,98,497","4,58,30,49,511.75","1,42,820"
01-Feb-23,50,51.05,47.05,49.75,48.15,48.15,49.24,99.75,40.6,"6,87,52,685","3,38,56,10,623.90","1,34,596"
02-Feb-23,48.4,48.9,47.15,48.15,47.5,47.5,47.89,99.75,40.6,"4,07,51,688","1,95,17,19,628.30","92,768"
03-Feb-23,48.15,49.25,47.7,47.5,48.65,48.75,48.48,99.75,40.6,"4,24,97,841","2,06,04,27,208.90","96,388"
06-Feb-23,48.7,49.1,47.55,48.75,47.75,47.75,48.09,95.5,40.6,"3,59,56,956","1,72,91,46,253.80","90,396"
07-Feb-23,48,51,47.6,47.75,50.5,49.35,48.63,95.5,40.6,"6,10,77,398","2,97,01,23,080.55","86,239"
08-Feb-23,51.2,55.3,51.1,49.35,53.8,54.3,53.31,95.5,40.6,"26,55,95,807","14,15,82,31,426.35","3,57,299"
09-Feb-23,54.7,56.8,53.4,54.3,54.6,54.4,55.41,95.5,40.6,"21,63,98,621","11,99,14,31,149.90","3,37,907"
10-Feb-23,52.7,54.15,50.7,54.4,53.5,53.3,52.9,95.5,40.6,"17,69,50,201","9,36,01,00,192.85","2,24,940"
13-Feb-23,53,53.7,51.25,53.3,51.45,51.8,52.33,90.1,40.6,"8,61,62,276","4,50,92,28,501.40","1,31,029"
14-Feb-23,51.8,52.5,49.9,51.8,50.4,50.35,50.76,90.1,40.6,"7,93,95,202","4,02,98,93,516.35","1,21,150"
15-Feb-23,50.55,50.9,49.8,50.35,50.4,50.25,50.42,90.1,40.6,"4,96,55,881","2,50,34,39,077.65","85,211"
16-Feb-23,50.8,51.8,50.45,50.25,51.4,51.4,51.18,90.1,40.6,"4,88,41,966","2,49,97,12,390.80","79,636"
17-Feb-23,51.25,52.2,50.7,51.4,51.65,51.8,51.68,90.1,40.6,"5,28,62,406","2,73,19,38,821.50","83,472"
20-Feb-23,51.9,55.05,51.75,51.8,54.7,54.6,53.57,88.7,40.6,"9,33,15,254","4,99,93,57,024.80","1,48,386"
21-Feb-23,54.6,56.15,54.4,54.6,55.25,55.35,55.38,88.7,40.6,"10,01,06,053","5,54,42,03,460.15","1,62,800"
22-Feb-23,54.85,55.4,52.6,55.35,52.7,52.95,53.83,88.7,40.6,"7,58,02,021","4,08,02,27,486.00","1,14,054"
23-Feb-23,53,56,52.8,52.95,54.8,54.95,54.72,88.7,40.6,"11,80,58,937","6,45,99,13,661.95","1,69,204"
24-Feb-23,55.5,56.75,54,54.95,54.3,54.45,55.5,88.7,40.6,"7,34,40,699","4,07,60,21,842.25","1,24,035"
27-Feb-23,54.7,54.75,53.2,54.45,54,53.6,53.83,88.7,40.6,"3,87,35,556","2,08,51,76,652.30","76,906"
28-Feb-23,53.7,54.4,53,53.6,53.35,53.5,53.61,88.7,40.6,"4,54,14,869","2,43,45,25,918.40","65,167"
01-Mar-23,53.5,55.35,53.35,53.5,54.65,54.95,54.72,88.7,40.6,"4,28,54,827","2,34,49,52,180.40","91,303"
02-Mar-23,54.75,55.2,54.35,54.95,54.5,54.55,54.77,88.7,40.6,"3,62,56,148","1,98,57,79,790.00","66,696"
03-Mar-23,54.9,55.4,53.2,54.55,53.8,53.65,54.05,88.7,40.6,"3,69,43,821","1,99,69,97,417.40","66,273"
06-Mar-23,54,54.95,53.7,53.65,53.8,53.95,54.38,88.7,40.6,"3,34,92,583","1,82,12,03,987.00","69,571"
08-Mar-23,53.45,55.3,52.65,53.95,55.1,54.8,53.71,88.7,40.6,"4,41,59,725","2,37,17,83,218.20","84,095"
09-Mar-23,55.1,56.35,53.9,54.8,54.1,54.05,55.12,88.7,40.6,"5,60,21,946","3,08,79,83,878.75","82,116"
10-Mar-23,53.8,54.5,53.3,54.05,53.9,53.85,53.99,88.7,40.6,"3,92,26,931","2,11,78,43,410.30","57,899"
13-Mar-23,53.95,54.7,51.6,53.85,51.75,51.9,52.62,88.7,40.6,"5,23,74,659","2,75,58,84,428.40","99,638"
14-Mar-23,52,52.5,50.2,51.9,50.85,50.75,51.12,88.7,40.6,"5,22,47,904","2,67,09,17,375.05","1,25,855"
15-Mar-23,51.5,52.2,50.55,50.75,50.9,50.75,51.06,88.7,40.6,"3,87,63,143","1,97,94,00,474.95","85,114"
16-Mar-23,50.9,53.7,49.85,50.75,53.4,53.05,51.74,88.7,40.6,"6,12,37,058","3,16,84,52,954.70","98,458"
17-Mar-23,53.45,55.75,53.05,53.05,55.3,54.9,54.43,88.7,40.6,"11,29,18,857","6,14,58,77,226.50","1,19,813"
20-Mar-23,53.6,54.75,52.2,54.9,53.45,53.55,53.59,88.7,40.6,"6,55,78,919","3,51,40,64,600.50","79,349"
21-Mar-23,53.85,54.15,52.65,53.55,52.85,53,53.54,88.7,40.6,"3,16,32,951","1,69,36,02,465.35","51,384"
22-Mar-23,53.4,53.9,52.7,53,53.1,53.1,53.27,88.7,40.6,"3,84,44,991","2,04,79,39,079.05","59,570"
23-Mar-23,52.9,53.2,52.1,53.1,53.05,52.65,52.73,88.7,40.6,"3,28,16,290","1,73,04,95,514.10","49,331"
24-Mar-23,52.5,52.85,50.15,52.65,50.45,50.65,51.09,88.7,40.6,"6,72,43,087","3,43,52,83,550.60","1,09,112"
27-Mar-23,50.7,51.3,49.25,50.65,50.05,50.1,50.41,88.7,40.6,"4,96,18,132","2,50,10,32,621.45","96,327"
28-Mar-23,50.2,50.55,49,50.1,50.4,50.25,49.8,88.7,40.6,"5,04,26,174","2,51,13,05,115.55","75,994"
29-Mar-23,50.25,51.75,49.6,50.25,50.95,51.25,50.73,88.7,40.6,"4,14,64,387","2,10,34,60,084.00","68,147"
31-Mar-23,51.25,51.7,50.65,51.25,51.05,51,51.08,88.7,40.6,"5,65,66,133","2,88,93,37,308.45","83,372"
03-Apr-23,51.5,52.15,50.9,51,51.9,51.95,51.61,88.3,40.6,"2,92,41,512","1,50,90,74,264.70","44,942"
05-Apr-23,52.1,52.9,51.55,51.95,51.8,51.7,52.04,88.3,40.6,"2,54,97,115","1,32,67,80,648.95","42,374"
06-Apr-23,51.75,52.45,51.3,51.7,52.1,52.15,51.98,88.3,40.6,"1,96,95,678","1,02,38,51,467.90","43,200"
10-Apr-23,52.15,54.2,51.8,52.15,53.9,53.95,53.4,88.3,40.6,"6,06,55,412","3,23,91,50,304.75","92,843"
11-Apr-23,54.65,55.25,53.25,53.95,53.8,53.95,54.25,88.3,40.6,"4,11,01,417","2,22,98,08,977.35","71,681"
12-Apr-23,54.25,54.25,52.9,53.95,53.4,53.2,53.35,88.3,40.6,"3,08,48,068","1,64,56,18,368.55","53,342"
13-Apr-23,53.2,54.15,52.85,53.2,54,53.85,53.62,88.3,40.6,"2,66,46,279","1,42,87,27,475.05","52,152"
17-Apr-23,54.2,54.25,53,53.85,53.9,53.95,53.65,84.4,40.6,"2,47,87,918","1,32,98,09,007.55","49,905"
18-Apr-23,54.05,54.2,53.05,53.95,53.2,53.3,53.39,84.4,40.6,"2,76,17,603","1,47,45,56,529.40","55,272"
19-Apr-23,53.6,55.95,53.2,53.3,53.9,54.15,54.68,84.4,40.6,"6,20,22,927","3,39,13,32,902.50","88,455"
20-Apr-23,54.15,54.4,53.65,54.15,54.35,54.2,54.08,84.4,40.6,"2,30,96,046","1,24,90,45,779.60","39,299"
21-Apr-23,54.3,56.75,54.1,54.2,55.6,56.05,55.79,84.4,40.6,"10,67,07,937","5,95,27,60,270.75","1,27,296"
24-Apr-23,55.5,56.4,54.7,56.05,56.2,56,55.61,81.6,40.6,"4,32,87,483","2,40,70,71,196.20","78,079"
25-Apr-23,56.4,60.6,56.2,56,58,57.75,58.84,81.6,40.6,"19,90,56,106","11,71,33,12,612.75","2,32,529"
26-Apr-23,58.1,59,57.1,57.75,58.2,58.2,58.17,81.6,40.6,"5,97,65,915","3,47,67,10,140.65","1,06,004"
27-Apr-23,58.6,61.15,58.35,58.2,60.45,60.7,59.87,81.6,40.6,"8,29,69,101","4,96,72,23,344.40","1,21,269"
28-Apr-23,60.8,66,59.55,60.7,64.5,64.9,63.16,81.6,40.6,"19,09,38,290","12,05,89,33,180.80","2,17,511"
02-May-23,64.5,65.65,63.05,64.9,63.1,63.45,64.23,79.8,40.6,"11,27,58,256","7,24,24,46,625.25","1,64,163"
03-May-23,63.45,64.95,63.15,63.45,63.55,63.55,64.06,79.8,40.6,"6,50,82,316","4,16,91,89,655.30","1,07,613"
04-May-23,63.5,66.6,63.35,63.55,65.55,65.7,65.13,79.8,40.6,"12,30,42,355","8,01,31,45,935.05","1,75,561"
05-May-23,65.5,66.7,64.25,65.7,65.4,65.4,65.48,79.8,40.6,"9,40,16,138","6,15,65,35,305.15","1,32,311"
08-May-23,64.6,66.2,63.5,65.4,64.35,64.9,64.82,79.8,40.6,"10,49,40,671","6,80,23,85,961.50","1,47,603"
09-May-23,64.7,64.7,60.3,64.9,61.4,60.95,62.29,79.8,40.6,"12,78,54,883","7,96,44,51,057.25","1,91,964"
10-May-23,61,62.9,60.95,60.95,62,61.8,61.93,79.8,40.6,"7,02,20,898","4,34,84,65,708.25","1,40,143"
11-May-23,62.6,63.5,62,61.8,62.5,62.4,62.59,79.8,40.6,"7,50,62,855","4,69,84,54,534.65","1,20,182"
12-May-23,62.5,63.65,61.6,62.4,62.15,62.6,62.76,79.8,40.6,"7,31,64,520","4,59,20,46,466.50","1,37,828"
15-May-23,62.1,64.1,61.95,62.6,63.75,63.7,63.41,79.8,40.6,"5,58,86,001","3,54,37,73,463.70","1,06,759"
16-May-23,64,65,62.4,63.7,62.7,63,63.71,79.8,40.6,"5,93,11,532","3,77,88,15,825.60","1,12,195"
17-May-23,63,64.05,62.25,63,63.95,63.35,63,79.8,40.6,"4,74,44,527","2,98,91,46,475.00","87,044"
18-May-23,64.2,64.6,63.1,63.35,63.35,63.5,63.9,79.8,40.6,"5,43,01,847","3,46,96,47,790.90","83,674"
19-May-23,63.95,65,63.2,63.5,64.35,64.5,64.09,79.8,40.6,"7,36,20,039","4,71,81,40,828.20","92,226"
22-May-23,64.7,66.85,61.8,64.5,62.3,63.5,65.28,79.8,40.6,"14,70,06,670","9,59,67,94,469.55","1,90,204"
23-May-23,63.05,64,62.55,63.5,63.15,63.2,63.41,79.8,40.6,"5,07,97,759","3,22,10,98,854.85","89,305"
24-May-23,63,64.7,62.75,63.2,64.4,64.45,63.89,79.8,40.6,"6,04,76,729","3,86,40,40,813.45","91,576"
25-May-23,64.8,68.2,64.5,64.45,67.35,67.3,66.9,79.8,40.6,"13,97,21,311","9,34,74,26,970.70","2,27,671"
26-May-23,67.3,68.25,65.75,67.3,66.95,67.25,66.96,79.8,40.6,"8,64,66,135","5,79,00,71,623.85","1,38,772"
29-May-23,67.8,68.4,66.6,67.25,66.95,67.1,67.55,79.8,40.6,"5,69,68,141","3,84,83,55,737.00","1,19,364"
30-May-23,67.5,68.3,66.45,67.1,66.7,66.85,67.5,79.8,40.6,"6,06,99,589","4,09,70,16,020.70","93,059"
31-May-23,67.3,70,66.3,66.85,68.7,69.05,68.73,79.8,40.6,"25,18,13,391","17,30,79,98,922.45","1,59,745"
01-Jun-23,68.7,68.8,67.6,69.05,67.7,67.95,68.2,79.8,40.6,"5,78,46,081","3,94,48,98,655.05","1,08,824"
02-Jun-23,70,73.2,69.5,67.95,71.15,71.15,71.41,79.8,40.6,"17,07,69,117","12,19,50,30,700.90","3,41,587"
05-Jun-23,71.3,72.15,69.6,71.15,71.4,71.25,71.01,75.45,40.6,"8,40,75,166","5,96,98,30,370.35","1,39,931"
06-Jun-23,71.55,73.15,71.35,71.25,72.4,72.35,72.25,75.45,40.6,"6,47,62,959","4,67,89,26,998.55","1,13,413"
07-Jun-23,72.5,75,72.4,72.35,74.9,74.5,73.85,75.45,40.6,"6,78,71,844","5,01,23,54,679.05","1,26,333"
08-Jun-23,74.8,76.35,73.7,74.5,75.65,75.8,75.15,76.35,40.6,"8,80,06,842","6,61,38,26,879.30","1,51,150"
09-Jun-23,77.05,78,75.85,75.8,77.9,77.6,77.03,78,40.6,"7,72,76,802","5,95,24,70,982.45","1,47,650"
12-Jun-23,78.3,80.3,76.5,77.6,77.15,77.95,78.97,80.3,40.6,"10,53,88,190","8,32,23,22,966.25","2,36,130"
13-Jun-23,77.9,78.8,76.7,77.95,78.6,78.3,78.07,80.3,40.6,"8,18,57,154","6,39,09,76,697.45","1,57,920"
14-Jun-23,78.3,78.45,73.25,78.3,74.1,74.1,75.51,80.3,40.6,"8,31,86,945","6,28,11,25,245.65","1,78,924"
15-Jun-23,74.5,76.1,73.1,74.1,74.95,75.1,75.05,80.3,40.6,"9,33,21,136","7,00,40,19,853.20","1,62,292"
16-Jun-23,75.55,76,73.9,75.1,74.2,74.45,74.95,80.3,40.6,"4,57,83,616","3,43,13,40,714.90","98,654"
19-Jun-23,74.6,77,74.1,74.45,75.75,75.85,76.12,80.3,40.6,"6,27,44,981","4,77,62,94,409.20","1,20,711"
20-Jun-23,76,76.4,74.8,75.85,76.05,75.85,75.52,80.3,40.6,"3,05,91,595","2,31,03,67,549.65","83,373"
21-Jun-23,76.1,77.35,74.65,75.85,75.05,75.1,75.76,80.3,40.6,"3,18,96,510","2,41,64,62,568.60","66,370"
22-Jun-23,75.5,75.85,73.65,75.1,74.85,74.35,74.55,80.3,40.6,"4,04,19,764","3,01,34,37,897.30","70,485"
23-Jun-23,73.9,75.3,72.55,74.35,73.9,74.15,74.2,80.3,40.6,"5,17,75,728","3,84,19,28,728.90","75,298"
26-Jun-23,74.15,75.25,73.8,74.15,75.05,74.85,74.82,80.3,40.6,"3,04,11,621","2,27,53,68,480.55","58,973"
27-Jun-23,75.15,76.95,74.85,74.85,76.35,76.15,76.16,80.3,40.6,"5,90,78,137","4,49,92,12,379.55","98,223"
28-Jun-23,77,77,74.6,76.15,74.95,74.9,75.46,80.3,40.6,"3,05,74,521","2,30,71,08,101.20","81,378"
30-Jun-23,75,75.45,74,74.9,74.9,75.05,74.93,80.3,40.6,"4,92,45,376","3,68,98,99,760.45","78,369"
03-Jul-23,75.45,77.25,74.55,75.05,75.4,75.65,76.07,80.3,40.6,"4,92,43,205","3,74,56,97,539.05","92,187"
04-Jul-23,75.8,76.2,74.5,75.65,74.75,74.8,75.25,80.3,40.6,"2,41,50,257","1,81,72,09,632.00","52,380"
05-Jul-23,74.85,75.1,73.7,74.8,74,74.05,74.33,80.3,40.6,"2,54,59,694","1,89,24,42,432.40","50,268"
06-Jul-23,74.45,75.25,74.3,74.05,74.7,74.75,74.81,80.3,40.6,"2,44,67,816","1,83,04,43,981.40","65,262"
07-Jul-23,74.8,74.9,73,74.75,73.4,73.25,73.55,80.3,40.6,"2,65,99,778","1,95,65,25,955.60","68,547"
10-Jul-23,73.45,75.55,73.4,73.25,74.3,74.8,74.69,80.3,40.6,"3,38,12,208","2,52,52,96,251.90","80,278"
11-Jul-23,75.05,77,74.9,74.8,76.85,76.8,76.34,80.3,40.6,"4,29,46,892","3,27,85,31,696.65","1,07,879"
12-Jul-23,77.5,78.8,77.15,76.8,77.5,77.5,77.94,80.3,40.6,"6,42,12,629","5,00,47,81,527.20","1,24,041"
13-Jul-23,77.85,84.5,77.65,77.5,82.85,82.2,81.77,84.5,40.6,"19,26,05,002","15,74,93,61,211.55","4,07,312"
14-Jul-23,84,85.25,81.65,82.2,82.55,82.55,82.83,85.25,40.6,"9,15,71,303","7,58,45,74,480.95","1,77,698"
17-Jul-23,83.2,83.4,79.5,82.55,79.85,80.15,81.13,85.25,40.6,"4,33,77,345","3,51,90,80,282.50","1,29,783"
18-Jul-23,80.65,80.65,76.5,80.15,78.6,78.7,78.31,85.25,40.6,"7,12,15,775","5,57,70,25,898.30","1,54,232"
19-Jul-23,79,80.35,77.25,78.7,77.8,77.65,78.39,85.25,40.6,"4,21,30,927","3,30,25,21,069.70","1,13,098"
20-Jul-23,78.05,79.1,77.3,77.65,77.7,77.6,78.12,85.25,40.6,"4,04,95,235","3,16,33,02,498.90","92,832"
21-Jul-23,77.85,80.7,77.4,77.6,80.35,80.3,79.68,85.25,40.6,"7,49,91,213","5,97,53,50,038.90","1,50,232"
24-Jul-23,80.8,82.45,80.55,80.3,81.25,81.3,81.63,85.25,40.6,"6,42,91,285","5,24,78,03,323.50","1,32,079"
25-Jul-23,81.3,83.2,79.3,81.3,82.85,82.65,81.56,85.25,40.6,"7,24,59,586","5,90,99,93,422.70","1,56,783"
26-Jul-23,83.1,84.6,82.5,82.65,83.45,83.35,83.52,85.25,40.6,"5,92,91,226","4,95,20,81,945.70","1,05,767"
27-Jul-23,83.35,86.1,82.8,83.35,84.95,84.95,84.43,86.1,40.6,"7,72,49,384","6,52,21,50,778.00","1,29,481"
28-Jul-23,85.6,87.25,83.85,84.95,86.75,86.8,85.91,87.25,40.6,"7,47,98,625","6,42,55,85,069.25","1,85,459"
31-Jul-23,87,87.15,83.7,86.8,84.15,84.1,84.91,87.25,44.35,"4,90,93,355","4,16,86,11,709.25","1,39,817"
01-Aug-23,84.6,85.7,84.2,84.1,84.7,84.75,84.97,87.25,44.35,"3,49,50,470","2,96,98,18,117.90","88,583"
02-Aug-23,84.45,85.95,82.65,84.75,85.6,85.05,84.83,87.25,44.35,"5,48,44,625","4,65,25,28,688.90","1,34,328"
03-Aug-23,81.6,88.4,81.6,85.05,86.45,86.55,85.16,88.4,44.35,"12,34,80,816","10,51,61,60,596.30","1,66,589"
04-Aug-23,89,98.4,88.4,86.55,95.35,95.4,95.03,98.4,44.35,"40,57,51,648","38,55,75,61,185.90","6,34,239"
07-Aug-23,97.4,102.85,96.35,95.4,97,97.6,99.88,102.85,44.35,"24,93,31,637","24,90,39,85,817.45","5,38,938"
08-Aug-23,98.35,100.3,92.7,97.6,93.35,93.45,95.25,102.85,44.35,"16,02,36,123","15,26,26,97,251.80","3,43,065"
09-Aug-23,93.9,94.85,91.6,93.45,94,94.1,93.27,102.85,44.35,"10,92,40,947","10,18,91,71,159.25","2,23,105"
10-Aug-23,94.1,96.15,93.25,94.1,93.95,94.25,94.83,102.85,44.35,"8,75,98,556","8,30,70,80,346.35","2,91,931"
11-Aug-23,94.6,95.2,93.05,94.25,93.35,93.45,93.71,102.85,44.35,"3,81,56,809","3,57,55,67,975.10","1,30,028"
14-Aug-23,93.4,93.4,91.35,93.45,92.9,92.75,92.63,102.85,44.35,"4,66,68,447","4,32,28,78,882.25","1,04,314"
16-Aug-23,92.45,95.6,91.5,92.75,92,91.9,93.18,102.85,44.35,"7,63,33,138","7,11,24,43,420.15","1,62,539"
17-Aug-23,92.3,93.25,90.5,91.9,90.65,91.15,91.91,102.85,44.35,"4,56,57,095","4,19,64,05,965.45","1,11,329"
18-Aug-23,91,91.4,89,91.15,89.25,89.35,90.09,102.85,44.35,"5,05,13,070","4,55,06,99,048.95","1,21,897"
21-Aug-23,90.5,90.5,88.3,89.35,89.9,89.75,89.2,102.85,44.35,"3,67,55,760","3,27,87,32,702.60","1,10,507"
22-Aug-23,90.3,94.3,90.1,89.75,92,91.9,92.94,102.85,44.35,"10,44,09,241","9,70,42,38,035.20","1,94,450"
23-Aug-23,92.95,95,92.05,91.9,94.85,94.3,93.38,102.85,44.35,"6,47,68,237","6,04,80,92,845.15","1,60,760"
24-Aug-23,95.75,95.75,93.2,94.3,93.65,93.8,94.11,102.85,44.35,"4,75,97,101","4,47,94,79,669.05","1,02,141"
25-Aug-23,93.35,93.35,90.05,93.8,92.05,91,91.19,102.85,44.35,"6,50,76,321","5,93,42,57,006.65","1,52,123"
28-Aug-23,96,96.1,91.75,91,92.35,92.35,92.93,102.85,44.35,"14,11,18,441","13,11,38,59,418.30","4,14,969"
29-Aug-23,92.75,95,92.6,92.35,94.6,94.7,94.14,102.85,44.35,"8,67,08,316","8,16,30,85,797.95","1,86,335"
30-Aug-23,99.5,100.5,97.2,94.7,99.7,99.8,99.07,102.85,44.35,"25,01,11,714","24,77,96,74,439.50","4,42,887"
31-Aug-23,100.05,100.8,96.7,99.8,98.6,97.6,99.13,102.85,44.35,"11,30,63,640","11,20,85,15,441.05","2,15,488"
01-Sep-23,98.3,98.35,96.85,97.6,97.2,97.2,97.34,102.85,44.35,"4,75,61,928","4,62,97,63,368.00","1,73,305"
04-Sep-23,97.5,98.6,97.3,97.2,98.05,98.05,98.03,102.85,44.35,"3,74,47,917","3,67,10,48,504.50","1,00,072"
05-Sep-23,98.15,99.3,97.05,98.05,98.3,98.2,98.17,102.85,44.35,"5,11,33,944","5,01,98,88,595.05","1,02,063"
06-Sep-23,98.4,98.85,97.65,98.2,98,98.2,98.22,102.85,44.35,"2,83,29,667","2,78,24,29,349.50","92,660"
07-Sep-23,98.65,101.6,98.2,98.2,99.9,100.05,100.23,102.85,44.35,"11,12,22,776","11,14,73,73,589.80","2,27,593"
08-Sep-23,100.75,101.1,99,100.05,99.25,99.6,99.87,102.85,44.35,"6,34,82,366","6,33,99,53,319.70","1,30,168"
11-Sep-23,100,102.55,99.2,99.6,101.4,101.35,101.18,102.85,44.35,"8,38,50,675","8,48,39,91,894.70","1,62,921"
12-Sep-23,102.4,102.5,96.5,101.35,98.75,98.75,99.34,102.85,44.35,"9,09,11,794","9,03,09,86,960.85","1,96,958"
13-Sep-23,98.75,100.75,97,98.75,97.95,97.9,98.58,102.85,44.35,"7,16,61,116","7,06,43,74,863.65","1,25,359"
14-Sep-23,98.65,100.1,98.2,97.9,99.5,99.45,99.27,102.85,44.35,"4,52,26,055","4,48,98,08,370.35","92,080"
15-Sep-23,100.5,104.45,100.35,99.45,103,102.95,102.68,104.45,44.35,"14,88,53,172","15,28,41,16,660.50","2,40,398"
18-Sep-23,103.6,105,101.65,102.95,102.05,102.15,103.67,105,44.35,"6,94,76,642","7,20,29,19,192.90","1,36,780"
20-Sep-23,101.3,104.9,99.3,102.15,100.15,100,100.97,105,44.35,"10,41,15,507","10,51,28,27,408.25","1,68,842"
21-Sep-23,100,100.95,98.25,100,99.8,99.15,99.5,105,44.35,"4,05,91,612","4,03,89,89,509.65","1,11,529"
22-Sep-23,99.5,101.4,98.7,99.15,99.8,99.9,99.76,105,44.35,"3,94,92,725","3,93,98,74,443.25","89,218"
25-Sep-23,100.3,100.5,97.75,99.9,98.6,98.45,98.78,105,44.35,"3,44,10,972","3,39,91,66,117.45","83,641"
26-Sep-23,98.6,100.4,97.9,98.45,100,99.9,99.66,105,44.35,"3,68,22,528","3,66,98,44,612.10","81,138"
27-Sep-23,99.9,101.2,98.5,99.9,99.85,100.1,99.75,105,44.35,"3,48,94,254","3,48,07,56,004.00","77,986"
28-Sep-23,100.35,100.6,99.3,100.1,100,99.95,99.85,105,44.35,"2,58,85,383","2,58,46,31,782.15","72,762"
29-Sep-23,100.05,102.75,99.6,99.95,101.5,101.5,101.48,105,44.35,"4,95,24,816","5,02,59,71,430.45","1,12,785"
03-Oct-23,101,105.9,100,101.5,105.7,105.3,103.84,105.9,44.35,"8,29,83,688","8,61,71,82,237.70","1,68,882"
04-Oct-23,104.4,104.4,100.35,105.3,101.25,100.75,101.89,105.9,44.35,"6,87,27,969","7,00,25,05,243.10","1,96,898"
05-Oct-23,102.6,107.7,102.35,100.75,105.85,105.4,105.02,107.7,44.35,"14,00,96,809","14,71,25,61,171.40","2,94,089"
06-Oct-23,106.4,107.2,104,105.4,104.65,104.45,105.56,107.7,44.35,"6,50,41,435","6,86,57,28,950.90","1,50,559"
09-Oct-23,103.8,105.25,101,104.45,103.7,103.9,103.51,107.7,44.35,"5,38,11,658","5,57,01,74,181.25","1,52,774"
10-Oct-23,104.9,107.95,104.65,103.9,105.9,106.05,106.34,107.95,44.35,"6,77,12,329","7,20,06,28,462.80","1,69,601"
11-Oct-23,106.8,109.8,106.55,106.05,109.7,109,108.4,109.8,44.35,"9,38,38,782","10,17,19,34,058.95","2,27,474"
12-Oct-23,110.2,113.25,109.5,109,109.95,109.85,111.52,113.25,44.35,"11,77,10,894","13,12,74,89,977.15","3,04,193"
13-Oct-23,109.85,111.8,109.1,109.85,111.2,111,110.95,113.25,44.35,"5,57,86,063","6,18,95,79,189.05","1,75,996"
16-Oct-23,111.9,112.75,110.85,111,111.5,111.5,111.74,113.25,44.35,"4,74,55,521","5,30,27,76,089.15","1,30,337"
17-Oct-23,112.5,114.2,111.5,111.5,113.6,113.85,112.96,114.2,44.35,"5,53,51,894","6,25,24,84,358.55","1,26,051"
18-Oct-23,114.5,115.1,109.5,113.85,112.4,113.2,112.13,115.1,44.35,"10,05,53,806","11,27,51,49,423.15","2,08,357"
19-Oct-23,112,113.15,110.65,113.2,111.4,111.65,112.25,115.1,44.35,"4,35,17,012","4,88,49,41,891.10","1,36,297"
20-Oct-23,114,114.5,112.15,111.65,113.7,113.35,112.96,115.1,44.35,"6,44,27,436","7,27,79,89,527.10","1,83,110"
23-Oct-23,113.8,113.9,106.8,113.35,109.25,108.9,110.79,115.1,44.35,"7,09,44,550","7,85,98,38,173.70","1,36,203"
25-Oct-23,105.65,109.5,105.55,108.9,108.45,108.25,107.55,115.1,44.35,"5,96,85,089","6,41,92,42,795.60","1,64,172"
26-Oct-23,107.5,108,101.25,108.25,106.35,106.45,104.19,115.1,44.35,"10,86,05,538","11,31,52,86,908.10","2,76,322"
27-Oct-23,107.35,109.25,105.05,106.45,105.45,105.65,106.95,115.1,44.35,"4,37,38,547","4,67,78,53,360.55","1,41,164"
30-Oct-23,106.2,108.6,105.7,105.65,107.5,107.7,107.19,115.1,44.35,"4,82,82,252","5,17,52,67,814.70","1,10,651"
31-Oct-23,107.85,108.15,104.25,107.7,104.75,105.1,106,115.1,44.35,"4,93,82,539","5,23,47,09,226.80","1,09,571"
01-Nov-23,105.6,107.15,103.25,105.1,104,103.7,105.18,115.1,44.35,"4,79,11,258","5,03,95,41,539.75","1,08,637"
02-Nov-23,105,108,104.9,103.7,107.95,107.55,106.53,115.1,44.35,"4,70,86,204","5,01,61,87,002.65","1,12,689"
03-Nov-23,108.8,119.9,108.7,107.55,117.9,116.5,114.09,119.9,44.35,"23,88,33,377","27,24,89,41,076.35","3,99,350"
06-Nov-23,119.6,123.9,118.25,116.5,123.45,123.3,120.87,123.9,44.35,"18,62,88,904","22,51,59,63,136.35","5,05,091"
07-Nov-23,123.55,126.35,120.5,123.3,122,121.3,123.16,126.35,44.35,"12,08,86,007","14,88,81,39,202.70","2,89,292"
08-Nov-23,122,125.7,121.3,121.3,125.15,125.15,124.04,126.35,44.35,"7,50,41,688","9,30,79,88,630.35","2,03,979"
09-Nov-23,125.25,125.55,121.35,125.15,122,121.85,123.31,126.35,44.35,"5,03,07,832","6,20,36,68,345.25","1,95,778"
10-Nov-23,122,123.3,120.7,121.85,121.45,121.3,121.61,126.35,44.35,"4,33,88,163","5,27,63,36,879.95","1,23,196"
12-Nov-23,123.25,123.95,122,121.3,123.25,123.25,123.22,126.35,44.35,"1,05,34,365","1,29,79,94,614.40","68,159"
13-Nov-23,122.65,123.1,121.5,123.25,122.25,122.2,122.21,126.35,44.35,"2,83,48,143","3,46,43,99,570.10","1,53,866"
15-Nov-23,123.3,125.2,119.75,122.2,120.9,120.25,122.48,126.35,44.35,"6,00,88,818","7,35,94,89,021.95","2,16,876"
16-Nov-23,120.9,122.55,120.7,120.25,122,121.85,121.86,126.35,44.35,"3,68,95,083","4,49,58,91,657.05","1,09,544"
17-Nov-23,122,125,121.5,121.85,122.7,122.2,123.22,126.35,44.35,"4,38,82,213","5,40,71,11,366.95","1,36,049"
20-Nov-23,122.85,123.4,117.35,122.2,118.45,118.15,119.46,126.35,44.35,"5,27,84,478","6,30,54,67,380.80","1,66,896"
21-Nov-23,118.55,119,116.05,118.15,116.4,116.5,117.26,126.35,44.35,"4,51,93,553","5,29,91,82,461.50","1,46,971"
22-Nov-23,116,117.8,114.35,116.5,115.45,115.3,115.71,126.35,44.35,"5,27,99,865","6,10,93,99,290.05","1,31,769"
23-Nov-23,113.6,115.75,112.5,115.3,112.8,112.95,113.73,126.35,44.35,"5,63,29,090","6,40,61,05,817.60","1,57,065"
24-Nov-23,114.15,116,112.9,112.95,113.4,113.25,114.16,126.35,44.35,"4,99,80,086","5,70,54,85,942.05","1,54,932"
28-Nov-23,114.9,116.9,113.5,113.25,113.8,113.8,114.78,126.35,44.35,"6,19,63,724","7,11,21,14,151.75","1,69,089"
29-Nov-23,117,119.2,114,113.8,117.7,116.6,117.13,126.35,44.35,"11,52,74,058","13,50,21,17,745.75","3,20,798"
30-Nov-23,118.8,120.7,116.15,116.6,117.8,118.55,118.44,126.35,44.35,"22,52,08,168","26,67,32,88,047.30","3,24,255"
01-Dec-23,118,118.35,115.1,118.55,116.25,116.3,116.63,126.35,44.35,"5,72,61,076","6,67,80,92,819.70","1,56,900"
04-Dec-23,118.75,119,116.25,116.3,117.7,117.4,117.08,126.35,44.35,"6,60,57,180","7,73,42,75,961.95","1,59,886"
05-Dec-23,117.9,118.25,116.25,117.4,116.75,116.75,117.07,126.35,44.35,"5,74,83,305","6,72,98,28,880.10","1,43,348"
06-Dec-23,117.15,119.7,116.6,116.75,119.15,118.9,117.8,126.35,44.35,"4,81,71,753","5,67,45,26,366.25","1,05,148"
07-Dec-23,119.6,122.2,118.4,118.9,122,121.7,120.93,126.35,44.35,"5,24,83,562","6,34,70,93,587.45","1,44,827"
08-Dec-23,123,123.9,119.3,121.7,120.15,119.95,121.33,126.35,44.35,"4,42,13,196","5,36,43,09,593.70","1,32,835"
11-Dec-23,119.95,120.5,117.55,119.95,118.2,118.45,119.16,126.35,44.35,"3,23,72,287","3,85,75,28,093.20","1,15,976"
12-Dec-23,119,119.3,114.15,118.45,116.8,116.75,117.1,126.35,44.35,"4,08,00,538","4,77,77,33,821.00","1,39,070"
13-Dec-23,116.9,120.5,116.15,116.75,119.8,120,119.19,126.35,44.35,"4,80,92,329","5,73,19,00,208.15","1,15,252"
14-Dec-23,121,124.95,120.5,120,124.2,124.15,123.6,126.35,44.35,"7,41,78,495","9,16,80,96,218.85","2,26,862"
15-Dec-23,124.5,125,122.4,124.15,122.7,123.6,123.7,126.35,44.35,"3,95,42,770","4,89,14,30,431.80","2,42,310"
18-Dec-23,123.4,129.2,121.55,123.6,129,128.55,126.86,129.2,44.35,"8,95,53,155","11,36,11,46,553.40","2,94,353"
19-Dec-23,129,131.75,127.4,128.55,130.05,130.25,129.75,131.75,44.35,"6,41,17,314","8,31,93,78,944.85","1,88,926"
20-Dec-23,130.35,131,123.15,130.25,124.7,124.75,127.12,131.75,44.35,"4,90,06,056","6,22,98,31,025.45","1,78,995"
21-Dec-23,122.15,128.7,120.2,124.75,128.2,127.35,125.12,131.75,44.35,"5,23,26,124","6,54,71,04,160.25","1,98,566"
22-Dec-23,130.55,131,125.3,127.35,127.9,128.5,128.74,131.75,44.35,"6,31,13,800","8,12,51,01,537.65","1,87,775"
26-Dec-23,128.5,128.7,124.3,128.5,124.5,125,126.3,131.75,44.35,"2,54,99,782","3,22,06,60,732.75","1,11,094"
27-Dec-23,125.7,127.6,125.55,125,126.85,127.05,126.64,131.75,44.35,"2,17,57,560","2,75,54,01,886.25","77,925"
28-Dec-23,124.9,125.5,120.6,127.05,123.2,123.2,123.19,131.75,44.35,"7,28,65,479","8,97,61,00,147.65","2,10,148"
29-Dec-23,124,125.55,123.25,123.2,123.7,123.7,124.13,131.75,44.35,"2,75,12,604","3,41,51,94,738.70","1,33,273"
01-Jan-24,124.45,125.6,122.85,123.7,124.25,124.5,124.77,131.75,44.35,"2,42,28,685","3,02,29,71,896.20","1,08,031"
02-Jan-24,127,129.45,125.5,124.5,129.2,128.7,127.69,131.75,44.35,"6,93,95,959","8,86,11,53,036.60","1,89,554"
03-Jan-24,128.8,130.25,127.1,128.7,127.75,127.55,128.86,131.75,44.35,"3,91,01,172","5,03,86,46,149.85","1,15,403"
04-Jan-24,128.4,130.9,126.45,127.55,130.6,129.75,128.74,131.75,44.35,"4,52,85,624","5,82,99,74,049.85","1,38,982"
05-Jan-24,130.9,134.35,128.95,129.75,133.5,133.3,131.64,134.35,44.35,"5,56,08,923","7,32,02,56,796.40","1,97,797"
08-Jan-24,133.65,133.65,130,133.3,132.1,132.85,131.62,134.35,44.35,"3,89,12,423","5,12,15,98,470.95","1,39,247"
09-Jan-24,133.2,135,132.6,132.85,133.85,134.3,134.13,135,44.35,"3,38,03,263","4,53,40,16,578.15","1,30,223"
10-Jan-24,134.25,136.15,132.25,134.3,134.55,134.65,134.14,136.15,44.35,"2,99,17,881","4,01,30,82,518.60","87,590"
11-Jan-24,135.3,139,135.05,134.65,137.9,138.35,137.36,139,44.35,"4,18,09,415","5,74,27,80,998.30","1,27,478"
12-Jan-24,140,141.5,136.8,138.35,139.2,139.55,139.33,141.5,44.35,"4,55,08,277","6,34,07,05,438.75","1,94,351"
15-Jan-24,139.55,139.85,132.85,139.55,133.75,133.4,135.24,141.5,44.35,"5,35,70,266","7,24,46,10,818.90","2,42,915"
16-Jan-24,135,135.3,131,133.4,133.5,133.55,133.44,141.5,44.35,"4,70,43,428","6,27,74,02,911.55","1,62,111"
17-Jan-24,132.4,132.4,126.75,133.55,128.5,127.4,128.27,141.5,44.35,"7,67,80,526","9,84,83,12,035.25","2,72,361"
18-Jan-24,128.05,129.8,121.6,127.4,129.15,129.45,125.57,141.5,44.35,"11,19,46,831","14,05,67,50,511.05","3,20,740"
19-Jan-24,130.5,135.5,128,129.45,135.1,135.05,132.41,141.5,44.35,"8,11,55,018","10,74,59,53,923.00","2,05,453"
20-Jan-24,135.4,136.95,132,135.05,134,133.1,135.04,141.5,44.35,"2,58,61,344","3,49,22,19,467.95","98,528"
23-Jan-24,136.3,137.3,127,133.1,130,130.1,134.37,141.5,44.35,"7,25,20,625","9,74,48,87,513.40","1,96,545"
24-Jan-24,131.45,136.9,129.8,130.1,135.2,136.2,133.67,141.5,44.35,"5,46,12,769","7,30,00,57,920.15","1,60,459"
25-Jan-24,135.9,138.2,132.8,136.2,135.4,136.15,135.31,141.5,44.35,"6,06,82,540","8,21,07,93,130.40","1,78,295"
29-Jan-24,136.9,137.7,132.35,136.15,135.1,135.55,135.3,141.5,46.45,"5,58,71,017","7,55,91,91,303.00","2,29,672"
30-Jan-24,135.85,138.8,134.65,135.55,137.05,137.2,137.37,141.5,46.45,"5,76,12,020","7,91,41,70,908.10","2,07,698"
31-Jan-24,140,142,138,137.2,139.2,139.55,140.05,142,46.45,"8,98,33,027","12,58,14,58,866.35","2,26,655"
01-Feb-24,141,143.5,138.55,139.55,140.3,140.55,140.78,143.5,46.45,"7,02,52,449","9,89,01,25,717.40","1,83,379"
02-Feb-24,141.8,145,141.45,140.55,143.7,143.8,143.63,145,46.45,"7,86,66,454","11,29,88,72,871.45","1,88,193"
05-Feb-24,145,145.4,138.25,143.8,140.15,140.25,142.34,145.4,47.55,"5,41,89,688","7,71,31,02,059.45","1,64,200"
06-Feb-24,140.4,141.8,138.05,140.25,140,139.95,140.05,145.4,47.55,"4,67,82,951","6,55,20,46,798.20","1,26,005"
07-Feb-24,141,142.9,139.65,139.95,140.85,140.4,140.72,145.4,47.55,"7,50,83,259","10,56,60,59,322.75","1,50,273"
08-Feb-24,142.5,147.5,139,140.4,142,144.1,144.07,147.5,47.55,"18,48,39,649","26,62,94,03,633.45","3,57,170"
09-Feb-24,146.9,151.4,142.25,144.1,149.1,149.45,148.02,151.4,47.55,"25,79,18,995","38,17,82,77,998.65","6,41,908"
12-Feb-24,151,158.8,149.5,149.45,153.55,153.8,154.9,158.8,49,"15,58,48,102","24,14,08,95,292.80","6,28,198"
13-Feb-24,154.35,157.9,149,153.8,154.9,154.75,153.86,158.8,49,"7,99,35,680","12,29,88,20,339.95","3,62,074"
14-Feb-24,152.95,153.75,150.1,154.75,152.3,152.25,152.46,158.8,49,"3,82,21,083","5,82,71,66,431.65","2,39,211"
15-Feb-24,157,159.2,154,152.25,155.5,154.85,156.3,159.2,49,"7,73,67,585","12,09,25,64,019.05","2,97,454"
16-Feb-24,156.9,160,155.35,154.85,157,156.7,157.37,160,49,"6,12,09,337","9,63,25,16,340.25","2,20,755"
19-Feb-24,157.45,160.45,155.6,156.7,157.6,157.5,158.08,160.45,49,"6,02,18,202","9,51,92,39,440.00","1,73,254"
20-Feb-24,159.7,163.8,158.7,157.5,161.55,161.05,160.95,163.8,49,"8,53,56,675","13,73,81,81,515.55","2,89,895"
21-Feb-24,162.3,167.8,157.6,161.05,158.7,158.65,162.6,167.8,49,"9,11,40,945","14,81,91,14,510.50","3,42,176"
22-Feb-24,159.55,163,156.6,158.65,162.25,162.1,160.24,167.8,49,"6,76,14,848","10,83,45,93,369.10","2,44,872"
23-Feb-24,162.4,164.8,160.8,162.1,164.5,164.05,162.87,167.8,49,"3,72,00,710","6,05,89,68,037.50","1,43,686"
26-Feb-24,165.2,168.5,163.15,164.05,164.75,164.2,165.59,168.5,49,"3,34,33,566","5,53,63,57,014.70","1,43,985"
27-Feb-24,163.75,163.85,158,164.2,161.2,161.3,160.87,168.5,49,"2,99,21,497","4,81,34,86,943.20","1,58,125"
28-Feb-24,161.9,161.95,155.35,161.3,158.7,159.35,157.84,168.5,49,"4,18,83,110","6,61,08,64,906.30","1,51,610"
29-Feb-24,156.45,168.85,155.45,159.35,167.3,165.45,164.29,168.85,49,"17,57,85,440","28,87,89,11,821.45","3,15,093"
01-Mar-24,168,173.5,165.6,165.45,166.8,166.5,168.08,173.5,49,"4,25,87,331","7,15,80,28,740.60","2,06,013"
02-Mar-24,167.2,168.3,165.15,166.5,167.45,167.65,167.31,173.5,49,"30,28,812","50,67,57,849.95","20,228"
04-Mar-24,168,175.6,168,167.65,170,169.8,171.12,175.6,49,"5,57,51,426","9,54,01,02,932.95","2,45,906"
05-Mar-24,170.75,171.5,164.05,169.8,166.8,165.85,167.66,175.6,49,"2,93,13,864","4,91,48,12,967.65","1,15,967"
06-Mar-24,164.4,164.4,157.5,165.85,161.7,161.55,161.01,175.6,49,"9,56,21,548","15,39,57,67,265.50","2,24,740"
07-Mar-24,161.75,163.45,158.65,161.55,160.3,160,162.13,175.6,49,"4,36,85,238","7,08,25,29,625.65","1,16,536"
11-Mar-24,161,163.2,149,160,154.95,154.85,155.57,175.6,49,"5,15,19,591","8,01,48,85,283.05","2,52,945"
12-Mar-24,156.6,157.9,152.15,154.85,157,156.9,155.82,175.6,49,"3,11,59,766","4,85,52,61,824.10","1,68,195"
13-Mar-24,157.45,158.25,147.5,156.9,150,148.65,150.95,175.6,49,"5,32,02,095","8,03,08,81,013.40","2,92,429"
14-Mar-24,147.1,157.3,144.3,148.65,153,152.75,153.33,175.6,49,"4,57,08,365","7,00,84,60,848.25","1,77,046"
15-Mar-24,152.85,161.7,152.45,152.75,159.9,160.05,158.25,175.6,49,"9,50,85,427","15,04,70,80,143.75","2,14,576"
18-Mar-24,162.5,164.45,157.25,160.05,157.95,158.25,160.14,175.6,49,"3,53,82,756","5,66,62,47,597.80","2,16,914"
19-Mar-24,158.6,161.45,156.5,158.25,158,157.95,159.03,175.6,49,"2,48,47,687","3,95,14,49,881.25","1,28,099"
20-Mar-24,159.45,166.7,159,157.95,165.85,165.6,163,175.6,49,"4,55,44,054","7,42,38,14,999.40","1,98,899"
21-Mar-24,168,171,166.4,165.6,169.85,169.65,169.49,175.6,49,"4,22,27,967","7,15,73,58,505.50","1,92,536"
22-Mar-24,170.45,174.9,169.05,169.65,173.7,174.2,172.96,175.6,49,"4,17,76,494","7,22,55,52,891.05","1,97,095"
26-Mar-24,173.4,183.65,172.2,174.2,183,182.6,178.5,183.65,49,"6,45,90,292","11,52,90,73,507.35","2,81,695"
27-Mar-24,183.6,189,177.2,182.6,179.9,179.45,183.53,189,49,"5,05,28,769","9,27,34,03,233.90","2,57,995"
28-Mar-24,179.8,184.7,176,179.45,182.15,182.1,180.78,189,49,"4,25,67,446","7,69,53,72,179.15","2,58,991"
01-Apr-24,183.9,188.2,182.75,182.1,184.1,184.5,185.49,189,50.9,"2,07,89,208","3,85,61,02,716.60","1,37,669"
02-Apr-24,185,185,180.75,184.5,183.25,183.1,182.52,189,50.9,"3,63,46,394","6,63,37,88,510.30","2,59,601"
03-Apr-24,181.95,182,177.85,183.1,179.15,178.3,179.95,189,50.9,"2,42,68,721","4,36,71,11,071.95","1,79,763"
04-Apr-24,180.5,188.15,180.25,178.3,187.45,187,184.25,189,50.9,"5,27,72,054","9,72,33,82,768.35","2,24,944"
05-Apr-24,188.25,191.8,187.25,187,190.8,190.5,190.25,191.8,50.9,"3,52,35,139","6,70,33,96,111.05","1,80,367"
08-Apr-24,191.6,194,190.55,190.5,192,191.8,192.36,194,51.8,"2,30,92,887","4,44,22,17,574.65","1,31,827"
09-Apr-24,192.55,195.5,188.75,191.8,194.55,193.7,193.2,195.5,51.8,"3,08,24,719","5,95,52,57,220.05","1,67,728"
10-Apr-24,195,199.6,194.05,193.7,197.3,196.9,196.98,199.6,51.8,"3,51,41,522","6,92,21,24,815.60","2,01,550"
12-Apr-24,195.85,199.7,190.5,196.9,193.7,192.1,195.23,199.7,51.8,"5,65,43,869","11,03,91,59,861.30","2,32,283"
15-Apr-24,188,192.4,184.5,192.1,189.5,188.3,188.87,199.7,53,"4,84,56,568","9,15,21,68,583.60","3,05,936"
16-Apr-24,187,189.3,183.9,188.3,186.8,186.45,186.29,199.7,53,"4,32,73,463","8,06,12,22,152.60","2,47,830"
18-Apr-24,188.5,189.25,183,186.45,184.95,185.2,185.23,199.7,53,"3,53,46,377","6,54,71,55,896.15","1,71,016"
19-Apr-24,182.3,191,181.4,185.2,188.5,189.2,186.59,199.7,53,"3,41,12,204","6,36,48,34,828.05","1,76,471"
22-Apr-24,193,197.7,190.8,189.2,193.4,193.35,193.72,199.7,54.7,"2,87,92,292","5,57,76,46,877.25","1,47,830"
23-Apr-24,194.4,194.5,186.6,193.35,187.8,187.45,189.34,199.7,54.7,"3,57,40,731","6,76,72,70,366.00","1,87,833"
24-Apr-24,189,189.1,183.15,187.45,184.45,184.4,185.29,199.7,54.7,"3,26,22,315","6,04,45,40,663.55","1,90,477"
25-Apr-24,184,188.9,182.5,184.4,184.65,184.7,185.17,199.7,54.7,"3,88,39,521","7,19,17,25,942.55","1,64,901"
26-Apr-24,189,190.45,186.35,184.7,188.5,188.1,188.22,199.7,54.7,"3,37,78,145","6,35,77,26,398.85","1,71,374"
29-Apr-24,189.4,194.3,186.45,188.1,194,193.6,191.51,199.7,60.3,"3,34,15,230","6,39,93,31,434.15","1,64,320"
30-Apr-24,195,196.95,192.2,193.6,193.55,193.15,194.83,199.7,60.3,"3,93,83,265","7,67,30,03,556.10","1,47,470"
02-May-24,193.6,195.95,192.75,193.15,195.4,195.45,194.89,199.7,60.3,"2,73,91,448","5,33,81,86,584.80","1,36,658"
03-May-24,196.8,200.35,193.1,195.45,197.15,197.25,197.07,200.35,60.3,"3,78,82,274","7,46,55,42,627.75","1,65,211"
06-May-24,199,202,194.5,197.25,196.15,195.7,197.57,202,60.3,"2,63,94,239","5,21,46,86,978.25","1,65,762"
07-May-24,196.15,196.35,182.35,195.7,192,191.45,189.32,202,60.3,"4,81,61,265","9,11,80,13,967.90","2,15,403"
08-May-24,190.65,196,187.3,191.45,195.5,195.45,192.67,202,60.3,"4,79,41,406","9,23,67,15,782.25","1,78,667"
09-May-24,195,199.7,193.1,195.45,195.75,195.25,196.45,202,60.3,"4,72,74,769","9,28,69,79,382.05","1,94,195"
10-May-24,196.35,205,189.9,195.25,203.8,201.3,197.86,205,60.3,"5,27,17,901","10,43,10,21,674.85","2,48,725"
13-May-24,205.8,207.2,186.75,201.3,196.65,194.3,196.83,207.2,61.8,"11,41,35,952","22,46,53,25,302.00","3,97,413"
14-May-24,191.7,193.45,182.1,194.3,187.6,187.3,187.94,207.2,61.8,"11,00,70,781","20,68,63,50,424.00","6,26,939"
15-May-24,188.8,193.4,183.15,187.3,191.3,192,189.94,207.2,61.8,"4,47,72,997","8,50,40,55,895.25","3,10,554"
16-May-24,192.9,195.85,189,192,194.4,195.2,193.89,207.2,61.8,"3,54,78,593","6,87,89,46,191.80","2,09,064"
17-May-24,195.15,196,193.1,195.2,194.9,194.85,194.57,207.2,61.8,"2,08,41,351","4,05,50,55,008.45","1,36,475"
18-May-24,194.75,195.7,194.1,194.85,194.5,194.4,194.76,207.2,61.8,"25,48,204","49,62,92,477.30","20,507"
21-May-24,194.4,196.5,188.75,194.4,189.1,189.1,191.18,207.2,61.8,"3,34,53,174","6,39,54,99,560.75","5,15,943"
22-May-24,190,190,183.35,189.1,185.6,185.5,185.44,207.2,61.8,"4,03,74,419","7,48,70,62,421.45","3,31,491"
23-May-24,186.5,189.4,184.5,185.5,187.3,186.8,186.93,207.2,61.8,"2,09,31,137","3,91,27,45,280.55","2,47,731"
24-May-24,188,188,179.1,186.8,182.5,182.9,183.94,207.2,61.8,"3,70,64,093","6,81,74,87,250.10","3,00,765"
27-May-24,183.9,185.45,178.4,182.9,184.1,183.65,182.5,207.2,66.3,"4,76,52,253","8,69,64,71,573.65","3,57,300"
28-May-24,184.35,184.8,180.4,183.65,180.9,181.6,182.23,207.2,66.3,"3,44,44,521","6,27,67,13,084.55","1,59,815"
29-May-24,180.55,185.4,180,181.6,183.45,183.35,183.43,207.2,66.3,"3,08,88,209","5,66,57,80,517.85","2,48,641"
30-May-24,183,185,179,183.35,181,180.6,181.47,207.2,66.3,"3,36,84,173","6,11,25,06,971.15","1,89,332"
31-May-24,178.8,183.15,171.25,180.6,179.5,179.15,177.49,207.2,66.3,"14,92,83,415","26,49,61,67,993.60","4,56,285"
03-Jun-24,184.5,185.5,175,179.15,175.45,175.45,176.94,207.2,69.6,"5,34,37,123","9,45,52,11,608.75","3,51,780"
04-Jun-24,176.5,176.5,146.3,175.45,170.5,172,168.43,207.2,69.6,"7,52,72,859","12,67,84,64,179.75","5,72,365"
05-Jun-24,175,185.3,166.75,172,183.9,183.8,180.66,207.2,69.6,"5,72,13,537","10,33,61,92,896.70","3,15,554"
06-Jun-24,185,185.8,182.5,183.8,183.1,183.65,184.37,207.2,69.6,"2,08,87,553","3,85,10,97,193.05","1,41,222"
07-Jun-24,182.5,187,180.7,183.65,183.1,184,184.91,207.2,69.6,"3,31,75,407","6,13,43,68,356.70","1,50,111"
10-Jun-24,184,186.5,181.56,184,182,182.16,183.03,207.2,72.55,"3,31,63,473","6,07,00,63,924.63","1,92,800"
11-Jun-24,182.6,186,180.1,182.16,183.9,184.02,183.36,207.2,72.55,"4,18,03,815","7,66,50,83,489.69","2,13,388"
12-Jun-24,184.39,184.88,179.33,184.02,180,179.65,181.01,207.2,72.55,"4,28,30,411","7,75,26,03,236.39","2,21,709"
13-Jun-24,183.8,185.8,180.15,179.65,185.09,184.94,183.69,207.2,72.55,"4,78,91,484","8,79,71,33,900.32","2,06,144"
14-Jun-24,185.7,186.6,184.05,184.94,186.19,186.24,185.75,207.2,72.55,"2,98,23,712","5,53,97,10,263.28","3,23,579"
18-Jun-24,187.5,189.1,184.8,186.24,188.85,188.61,187.37,207.2,72.55,"4,06,33,379","7,61,32,94,938.45","2,31,535"
19-Jun-24,190,201,189.56,188.61,198,198.49,196.81,207.2,72.55,"11,22,74,897","22,09,70,56,629.96","5,58,321"
20-Jun-24,199.99,201.8,195,198.49,196.69,197.05,197.76,207.2,72.55,"4,43,95,214","8,77,94,00,623.34","2,29,496"
21-Jun-24,197.9,199.95,193.05,197.05,193.9,193.95,195.97,207.2,72.55,"3,78,41,138","7,41,56,51,641.83","2,10,302"
24-Jun-24,193.9,199.8,191.95,193.95,198.6,198.92,197.51,207.2,73,"3,42,01,378","6,75,51,63,316.71","2,09,417"
25-Jun-24,201.75,204.7,200,198.92,202.56,202.27,202.17,207.2,73,"6,06,70,560","12,26,57,99,214.97","3,34,581"
26-Jun-24,202.56,203.48,196,202.27,197.4,197.25,198.09,207.2,73,"3,89,34,432","7,71,23,60,181.89","3,76,673"
27-Jun-24,198.2,201.5,196,197.25,199.9,200.15,198.54,207.2,73,"3,25,35,933","6,45,95,56,594.07","1,89,827"
28-Jun-24,201.3,203.92,199.1,200.15,199.8,200.56,201.91,207.2,73,"3,72,87,397","7,52,86,42,571.27","2,93,219"
01-Jul-24,199.71,204.5,194.56,200.56,203.7,203.97,201.16,207.2,73,"5,35,36,850","10,76,93,99,698.23","4,05,038"
02-Jul-24,204,209.84,202.25,203.97,208.52,209.09,207.68,209.84,73,"6,56,98,266","13,64,39,95,174.03","3,95,061"
03-Jul-24,209.45,213.95,205.33,209.09,208.4,208.44,209.43,213.95,73,"6,14,79,249","12,87,56,60,946.38","4,93,334"
04-Jul-24,208.39,210.29,206.7,208.44,207.05,207.44,208.62,213.95,73,"3,00,04,307","6,25,94,48,235.14","2,50,494"
05-Jul-24,207,208.4,204.77,207.44,207.8,207.57,206.61,213.95,73,"2,96,81,228","6,13,23,13,593.60","1,75,324"
08-Jul-24,208.25,210,206,207.57,207.26,207.93,208.11,213.95,73.4,"1,82,60,120","3,80,00,73,707.38","1,73,686"
09-Jul-24,207.8,214,206.61,207.93,212.1,212.56,212.16,214,73.4,"3,93,12,576","8,34,04,36,982.66","2,42,335"
10-Jul-24,213,213.39,205.74,212.56,210.9,211.37,210.46,214,73.4,"2,98,52,043","6,28,27,05,249.81","2,14,608"
11-Jul-24,211.47,218.95,211.37,211.37,217,217.14,215.26,218.95,73.4,"4,57,69,091","9,85,23,84,575.26","2,56,627"
12-Jul-24,219,223.25,217.05,217.14,223.21,222.47,220.29,223.25,73.4,"4,55,80,868","10,04,12,03,355.29","2,51,248"
15-Jul-24,225,232,225,222.47,229.25,229.15,227.67,232,76.5,"5,12,03,051","11,65,72,08,295.86","3,60,102"
16-Jul-24,230,230.35,215.3,229.15,218.35,217.49,221.83,232,76.5,"4,46,81,031","9,91,13,83,121.86","3,32,122"
18-Jul-24,217.75,221.4,210.25,217.49,220.9,220.62,216.05,232,76.5,"5,85,37,673","12,64,73,10,638.54","4,26,707"
19-Jul-24,217.99,220.49,213.67,220.62,220.05,218.89,217.1,232,76.5,"3,92,57,871","8,52,29,44,421.91","2,77,803"
22-Jul-24,214,222.19,214,218.89,221.3,221.66,220.53,232,79.3,"3,37,01,488","7,43,23,04,552.57","2,88,204"
23-Jul-24,222.5,223.72,207,221.66,216.7,217.91,217.29,232,79.3,"3,65,89,825","7,95,05,30,270.71","2,39,479"
24-Jul-24,217.85,225.5,215.6,217.91,224.25,223.49,221.27,232,79.3,"3,23,58,784","7,16,00,10,235.16","2,39,989"
25-Jul-24,221,223.97,216.95,223.49,218.95,219.31,220.9,232,79.3,"2,61,24,437","5,77,09,54,197.65","2,35,501"
26-Jul-24,219,226.62,216.85,219.31,225.35,224.62,221.37,232,79.3,"3,56,93,966","7,90,15,68,227.02","2,25,438"
29-Jul-24,226.62,229.46,224.1,224.62,227.1,226.89,226.95,232,81.6,"4,06,44,424","9,22,42,53,180.38","2,02,666"
30-Jul-24,226.95,231.2,225.11,226.89,227,227.13,228.58,232,81.6,"3,93,78,466","9,00,09,40,431.00","2,43,511"
31-Jul-24,227.61,230.14,226.05,227.13,229.75,229.45,228.64,232,81.6,"2,50,09,969","5,71,83,64,662.46","1,79,919"
01-Aug-24,231,238,228,229.45,237.9,234.09,233.01,238,81.6,"8,78,88,742","20,47,93,39,298.22","4,28,427"
02-Aug-24,244.5,278.7,243,234.09,262.74,262.34,261.37,278.7,81.6,"38,90,60,620","1,01,68,85,45,337.29","16,05,331"
05-Aug-24,254,265.55,249,262.34,256.15,256.29,257.99,278.7,88.3,"15,61,06,218","40,27,42,49,100.73","9,68,687"
06-Aug-24,265.9,275,247.2,256.29,248.9,249.08,260.63,278.7,88.3,"14,34,59,602","37,38,94,37,330.51","8,43,498"
07-Aug-24,261.53,267.6,251.81,249.08,265.98,265.67,261.65,278.7,88.3,"12,73,79,201","33,32,81,39,758.30","7,83,798"
08-Aug-24,265,267.5,260,265.67,264.5,265.59,262.85,278.7,88.3,"5,79,17,059","15,22,34,62,598.93","4,15,998"
09-Aug-24,267.73,272.9,265.55,265.59,266.9,267.09,269.67,278.7,88.3,"5,26,01,958","14,18,52,42,527.09","3,29,825"
12-Aug-24,263.5,266.49,261.35,267.09,263.52,263.43,264.01,278.7,88.3,"3,35,14,964","8,84,82,12,220.08","2,77,971"
13-Aug-24,265,265.4,256,263.43,258.19,257.08,260.16,278.7,88.3,"2,61,27,109","6,79,73,28,417.96","1,99,894"
14-Aug-24,260.3,264.5,255.5,257.08,259.25,260.14,259.87,278.7,88.3,"4,17,35,068","10,84,55,66,362.67","3,05,078"
16-Aug-24,260.7,266.2,257.01,260.14,264.75,264.43,261.39,278.7,88.3,"4,29,32,761","11,22,20,49,172.87","2,90,705"
19-Aug-24,278,280.9,261,264.43,263.24,262.17,269.14,280.9,88.3,"8,04,35,895","21,64,87,32,492.19","5,09,883"
20-Aug-24,262,264.45,258.25,262.17,263.2,263.12,261.01,280.9,88.3,"13,23,96,556","34,55,67,55,246.82","5,10,308"
21-Aug-24,263.12,264.45,259,263.12,259.77,260.03,261.13,280.9,88.3,"3,86,05,742","10,08,12,59,132.60","2,43,526"
22-Aug-24,264,267,256.01,260.03,257.85,257.96,260.41,280.9,88.3,"7,38,93,288","19,24,28,51,652.70","4,75,958"
23-Aug-24,260.41,269.9,258.31,257.96,263.48,262.65,265.68,280.9,88.3,"10,22,20,794","27,15,78,33,315.94","6,80,202"
26-Aug-24,263.8,264.42,258.1,262.65,259.5,259.39,260.17,280.9,91.75,"3,61,84,864","9,41,43,66,111.35","3,03,446"
27-Aug-24,260.75,261.4,255.4,259.39,255.75,256.05,257.29,280.9,91.75,"3,18,16,706","8,18,60,69,806.59","2,98,236"
28-Aug-24,257,257.74,252.15,256.05,253,253.04,254.8,280.9,91.75,"2,86,03,253","7,28,80,71,782.22","2,81,460"
29-Aug-24,254.78,256.35,248.51,253.04,251.75,252.34,251.58,280.9,91.75,"3,77,67,471","9,50,15,87,918.82","2,98,000"
30-Aug-24,253.5,255.45,248.81,252.34,251.18,250.53,251.68,280.9,91.75,"5,01,57,287","12,62,36,98,289.47","4,68,769"
02-Sep-24,252,252.3,241.85,250.53,245.1,244.45,245.44,280.9,96.5,"5,58,33,057","13,70,34,06,660.10","3,68,854"
03-Sep-24,246.75,252.95,245.4,244.45,246.7,247.7,248.91,280.9,96.5,"6,65,38,683","16,56,21,72,918.80","3,51,522"
04-Sep-24,244.45,245,240.4,247.7,243.75,242.85,242.66,280.9,96.5,"5,87,62,234","14,25,93,74,313.80","3,49,556"
05-Sep-24,248.05,261.6,246,242.85,254.85,254.85,254.65,280.9,96.5,"11,56,27,516","29,44,48,77,219.85","5,41,758"
06-Sep-24,255,262.15,254.25,254.85,259.9,259.95,259.4,280.9,96.5,"7,57,00,809","19,63,69,99,927.35","4,01,289"
09-Sep-24,260,265,256.3,259.95,262.9,263.2,261.26,280.9,96.5,"5,85,34,619","15,29,27,64,488.40","3,48,255"
10-Sep-24,265.85,270.3,259.55,263.2,267.15,267.7,265.56,280.9,96.5,"6,86,58,961","18,23,31,26,456.25","3,74,474"
11-Sep-24,268.25,281.5,268.1,267.7,272.4,271.75,275.91,281.5,96.5,"12,18,83,781","33,62,85,36,946.40","5,51,525"
12-Sep-24,276.3,286,274.3,271.75,283.3,283.9,281.66,286,96.5,"10,16,91,858","28,64,28,42,848.40","5,88,153"
13-Sep-24,285.4,286.45,271.1,283.9,273.5,272.9,277.55,286.45,96.5,"8,21,50,759","22,80,08,40,116.80","5,07,677"
16-Sep-24,274.5,282,269.2,272.9,278,277.7,273.97,286.45,97.75,"4,77,92,145","13,09,37,01,990.45","2,96,451"
17-Sep-24,277.65,278,270,277.7,270.65,270.75,272.72,286.45,97.75,"3,35,15,464","9,14,02,09,068.80","2,49,033"
18-Sep-24,270.65,277.85,269.9,270.75,275.25,275.85,274.73,286.45,97.75,"3,02,25,926","8,30,38,90,608.35","2,21,991"
19-Sep-24,276.5,280.95,272.25,275.85,278.95,278.85,277.19,286.45,97.75,"4,82,25,291","13,36,74,62,603.75","3,21,377"
20-Sep-24,279,293,278.95,278.85,289.85,290.5,288.29,293,97.75,"8,44,16,068","24,33,64,78,716.40","4,42,729"
23-Sep-24,292,298.25,290.55,290.5,297.35,297,294.69,298.25,97.75,"4,87,61,823","14,36,97,71,611.05","3,46,300"
24-Sep-24,298,298,290.25,297,291.3,291.7,293.38,298.25,97.75,"4,08,44,804","11,98,29,35,600.00","2,82,718"
25-Sep-24,291.8,291.85,283.05,291.7,286,285.4,285.85,298.25,97.75,"4,76,85,746","13,63,08,53,572.05","2,99,869"
26-Sep-24,285.4,285.9,278.5,285.4,284,283.9,282.23,298.25,97.75,"3,90,57,810","11,02,33,91,149.55","3,06,593"
27-Sep-24,275.4,286.9,273.5,283.9,278,278.15,280.65,298.25,97.75,"5,88,12,631","16,50,57,62,743.50","4,00,634"
30-Sep-24,277.9,277.9,272.45,278.15,272.9,273.3,274.35,298.25,100,"4,09,76,919","11,24,21,53,803.40","3,60,426"
01-Oct-24,272.55,276.45,271.3,273.3,274.45,274.15,273.87,298.25,100,"3,21,10,540","8,79,40,19,941.45","2,41,486"
03-Oct-24,269.7,272.45,268,274.15,268.85,269,269.93,298.25,100,"4,07,91,499","11,01,07,51,706.05","3,79,534"
04-Oct-24,267,277.85,264.1,269,274.65,275.3,273.49,298.25,100,"5,91,02,827","16,16,37,68,343.40","3,42,016"
07-Oct-24,278.55,279,261.6,275.3,265,266.1,267.17,298.25,101,"5,13,81,672","13,72,75,38,457.05","3,82,593"
08-Oct-24,266,280.9,262.6,266.1,279.8,278.7,274.46,298.25,101,"6,89,58,719","18,92,62,59,552.65","3,76,504"
09-Oct-24,279,290,275.35,278.7,279.75,279.95,283.73,298.25,101,"6,29,67,866","17,86,60,95,854.70","4,00,692"
10-Oct-24,280.5,282.45,274.1,279.95,275.3,275.35,277.15,298.25,101,"3,89,04,819","10,78,24,63,736.50","2,26,500"
11-Oct-24,276.4,279,275.5,275.35,276.7,277.55,277.08,298.25,101,"1,71,26,335","4,74,53,07,267.30","1,70,018"
14-Oct-24,280.9,285.25,278,277.55,278.7,280.05,281.52,298.25,101.25,"4,52,17,362","12,72,97,73,863.05","4,22,301"
15-Oct-24,283,283,276.1,280.05,279.55,279.55,279.06,298.25,101.25,"2,39,88,729","6,69,43,69,974.90","2,11,828"
16-Oct-24,279,279.4,273,279.55,274.45,274.25,275.5,298.25,101.25,"2,08,72,032","5,75,02,35,228.35","1,77,786"
17-Oct-24,275,275.15,268.6,274.25,270.3,270.55,271.34,298.25,101.25,"2,52,28,600","6,84,55,63,870.35","2,33,011"
18-Oct-24,256.9,270.3,255.25,270.55,259.2,257.45,261.06,298.25,101.25,"10,80,15,952","28,19,89,30,951.00","5,87,036"
